ParticleType	PosX_mm	PosY_mm	PosZ_mm
pi+	-3.05112	-3.0853	144.3	
pi+	-5.51773	-5.85693	143.563	
pi+	-7.28192	-8.04011	142.516	
pi+	-9.0069	-9.58471	142.01	
pi+	-10.6517	-10.3504	141.315	
pi+	-11.8712	-10.8826	140.617	
pi+	-12.903	-11.37	140.199	
pi+	-13.8071	-11.6468	139.936	
pi+	-14.5181	-11.8357	139.769	
pi+	-15.0645	-12.0389	139.646	
pi+	-15.4795	-12.1318	139.433	
pi+	-15.8298	-12.2564	139.355	
pi+	-16.1161	-12.377	139.355	
pi+	-16.331	-12.4719	139.287	
pi+	-16.4937	-12.5545	139.297	
pi+	-16.564	-12.5929	139.31	
pi+	-16.565	-12.5906	139.311	
pi+	-16.565	-12.5906	139.311	
pi+	-16.565	-12.5906	139.311	
mu+	-16.5553	-12.7006	139.252	
mu+	-16.5462	-12.7074	139.246	
mu+	-16.546	-12.7076	139.246	
mu+	-16.546	-12.7076	139.246	
pi0	17.2364	3.53666	229.868	
pi0	-0.32	-0.833033	189.622	
pi+	9.96097	-0.803343	195.124	
pi+	10.7349	-0.889267	195.741	
pi+	9.83383	2.55825	192.795	
pi+	9.11844	5.38227	190.887	
pi+	10.7274	6.24005	188.545	
pi+	11.7795	7.7197	186.923	
pi+	12.4439	8.716	185.312	
pi+	13.1557	9.40283	184.039	
pi+	13.9873	9.89764	183.11	
pi+	14.5701	10.6034	182.517	
pi+	15.0778	11.1273	182.036	
pi+	15.4431	11.5116	181.554	
pi+	15.7281	11.7458	181.142	
pi+	15.9286	11.9786	180.831	
pi+	16.0954	12.1617	180.584	
pi+	16.1447	12.3564	180.392	
pi+	16.2543	12.4785	180.258	
pi+	16.325	12.5776	180.168	
pi+	16.3357	12.5938	180.142	
pi+	16.3354	12.5938	180.141	
pi+	16.3354	12.5938	180.141	
mu+	16.3107	12.5014	180.056	
mu+	16.2995	12.498	180.054	
mu+	16.2992	12.4977	180.054	
mu+	16.2992	12.4977	180.054	
mu+	16.2992	12.4977	180.054	
pi-	0.133425	-1.98061	190.294	
pi-	0.467711	-2.84792	190.935	
pi-	0.798062	-3.59755	191.359	
pi-	1.08994	-4.13152	191.791	
pi-	1.30979	-4.58073	192.113	
pi-	1.61419	-4.92938	192.188	
pi-	1.82767	-5.23707	192.15	
pi-	1.83829	-5.2672	192.149	
pi-	1.85039	-5.41444	192.395	
pi-	1.89495	-5.52109	192.581	
pi-	1.90963	-5.59057	192.71	
pi-	1.90889	-5.60649	192.721	
pi-	1.90898	-5.60709	192.721	
pi-	1.90898	-5.60709	192.721	
pi+	-1.48958	-0.633212	200.452	
pi+	-1.43845	-0.485986	200.96	
pi+	-1.71164	0.945914	205.683	
pi+	-1.7533	5.43881	215.079	
pi+	-2.95345	7.85467	223.122	
pi+	-4.7001	9.57787	229.237	
pi+	-6.20202	11.0948	234.325	
pi+	-7.03769	11.5157	236.843	
pi+	-8.31326	12.1592	240.257	
pi+	-9.29671	13.2286	242.881	
pi+	-10.3694	14.1936	244.798	
pi+	-11.3847	14.7213	246.398	
pi+	-12.2513	15.1615	247.594	
pi+	-12.8569	15.5379	248.552	
pi+	-13.1138	15.7881	249.431	
pi+	-13.3376	16.0778	250.111	
pi+	-13.5732	16.2918	250.621	
pi+	-13.8073	16.3902	251.024	
pi+	-14.0533	16.4312	251.317	
pi+	-14.2908	16.4013	251.506	
pi+	-14.4833	16.4197	251.646	
pi+	-14.6266	16.4427	251.745	
pi+	-14.6617	16.4524	251.78	
pi+	-14.6623	16.4517	251.78	
pi+	-14.6623	16.4517	251.78	
mu+	-14.5603	16.4128	251.712	
mu+	-14.5524	16.4172	251.702	
mu+	-14.5524	16.4172	251.702	
mu+	-14.5524	16.4172	251.702	
pi-	-1.23432	11.8303	42.6523	
pi-	-1.23341	11.8801	42.7931	
pi-	-4.22583	19.5613	73.4946	
pi-	-5.31252	20.7413	78.0603	
pi-	-7.15181	25	98.1232	
pi-	-101.997	-26.6183	573	
pi-	-101.147	-29.5904	583	
pi-	-101.147	-29.5904	583	
pi-	-101.147	-29.5904	583	
pi-	4488.45	1781.04	17774.5	
mu-	8021.22	4631.15	36693.7	
mu-	11136.8	7278.62	53082.5	
mu-	13819.3	9808.74	67323.1	
mu-	16179.7	12147.4	80417	
mu-	18220.2	14344.7	91336.9	
mu-	19928.6	16454.4	101672	
mu-	21458.6	18361	110288	
mu-	22827.7	20084.6	118117	
mu-	35498.4	35211.7	187079	
pi0	-2.97357e-05	-1.30325e-05	5.48127	
pi+	-0.226588	-0.00435804	5.50093	
pi+	-0.36481	-0.0136446	5.57538	
pi+	-0.397555	-0.024051	5.60358	
pi+	-0.397715	-0.0240426	5.60376	
pi+	-0.397715	-0.0240426	5.60376	
mu+	-0.387545	-0.0243034	5.47874	
mu+	-0.379213	-0.0276933	5.46549	
mu+	-0.379239	-0.0278331	5.46535	
mu+	-0.379239	-0.0278331	5.46535	
pi0	0.120858	-0.232959	86.3995	
pi0	0.120817	-0.232834	86.3995	
pi+	-3.17072	-3.38545	89.7905	
pi+	-5.53792	-6.13929	92.894	
pi+	-7.10635	-8.66411	95.239	
pi+	-8.61752	-10.7698	96.7683	
pi+	-9.83883	-12.5734	97.8723	
pi+	-10.8101	-14.0836	98.4649	
pi+	-11.9195	-15.118	98.729	
pi+	-12.8841	-15.6922	99.1786	
pi+	-13.7368	-15.9173	99.5799	
pi+	-14.4105	-16.1671	99.825	
pi+	-14.9715	-16.3789	99.919	
pi+	-15.3008	-16.7075	100	
pi+	-15.5448	-16.993	100.061	
pi+	-15.758	-17.1997	100.13	
pi+	-15.9418	-17.3431	100.092	
pi+	-16.0745	-17.4537	100.06	
pi+	-16.1332	-17.4588	100.046	
pi+	-16.1335	-17.4588	100.046	
pi+	-16.1335	-17.4588	100.046	
mu+	-16.0355	-17.3824	100.059	
mu+	-16.0231	-17.3825	100.057	
mu+	-16.0233	-17.3825	100.057	
mu+	-16.0233	-17.3825	100.057	
pi-	-11.4203	-6.50611	92.2886	
pi-	-18.459	-13.2925	98.81	
pi-	-24.5434	-18.0054	104.345	
pi-	-25	-18.4303	104.573	
pi-	25	5.42144	339.152	
pi-	18.2593	4.08215	341.959	
pi-	12.8092	1.81155	342.978	
pi-	8.61259	-0.6514	343.835	
pi-	5.2697	-2.51665	344.833	
pi-	2.54529	-3.74081	346.04	
pi-	0.719771	-4.83675	347.487	
pi-	-0.776869	-5.76357	348.604	
pi-	-1.95683	-6.62664	349.273	
pi-	-2.80048	-7.43169	349.867	
pi-	-3.51368	-7.95214	350.399	
pi-	-3.69174	-8.10752	350.468	
pi-	-4.25306	-8.58008	350.656	
pi-	-4.74183	-8.86225	350.874	
pi-	-5.07993	-9.18997	350.987	
pi-	-5.34696	-9.4509	351.081	
pi-	-5.60431	-9.60369	351.141	
pi-	-5.79356	-9.73768	351.166	
pi-	-5.91825	-9.82635	351.176	
pi-	-5.95184	-9.84135	351.183	
pi-	-5.95253	-9.84162	351.183	
pi-	-5.95253	-9.84162	351.183	
pi+	23.6852	-4.48658	50.8691	
pi+	25	-4.77617	51.7685	
pi+	-25	-3.41257	682.626	
pi+	-6.72637	-2.11814	694.508	
pi+	8.75527	-0.630675	702.914	
pi+	17.7781	0.00261164	707.32	
pi+	25	-0.415624	710.246	
pi+	-25	-14.9713	880.805	
pi+	-15.757	-10.4569	883.202	
pi+	-8.8709	-6.37375	884.634	
pi+	-3.60939	-2.73691	885.933	
pi+	0.679296	0.251418	886.845	
pi+	4.53154	1.93362	887.081	
pi+	6.30922	2.82518	886.919	
pi0	0.187776	0.0310914	36.7505	
pi0	0.187774	0.0310911	36.7504	
pi0	0.187728	0.0311068	36.751	
pi-	16764.4	-39490.6	137178	
mu-	19870.4	-45882.1	137593	
pi-	15326.3	-38033.9	137977	
pi-	25167.3	-43204.2	159226	
pi0	0.187741	0.0311025	36.7505	
pi-	0.797532	-0.53945	40.2168	
pi-	1.19103	-4.00032	47.9124	
pi-	2.14997	-6.84435	53.9601	
pi-	3.02675	-8.49667	59.1642	
pi-	4.2079	-10.163	63.0865	
pi-	5.05326	-10.901	66.4256	
pi-	5.14721	-11.0084	66.8311	
pi-	6.11249	-12.6354	68.8687	
pi-	6.70327	-14.1716	70.4122	
pi-	7.369	-15.401	71.5353	
pi-	7.45626	-15.5703	71.6943	
pi-	7.35883	-16.0092	73.0227	
pi-	7.20192	-16.3574	74.0994	
pi-	7.24824	-16.4721	75.0002	
pi-	7.22029	-16.5942	75.3176	
pi-	7.09326	-17.1464	75.6545	
pi-	6.99622	-17.5643	75.9298	
pi-	6.99454	-17.8286	76.2212	
pi-	7.05939	-18.0509	76.4301	
pi-	7.08043	-18.2334	76.5972	
pi-	7.12161	-18.3877	76.6993	
pi-	7.13099	-18.4606	76.7464	
pi-	7.13053	-18.4594	76.7494	
pi-	7.13052	-18.4593	76.7494	
pi-	7.13052	-18.4593	76.7494	
pi+	0.0145077	-0.426325	95.2775	
pi+	1.5035	-4.02789	86.1581	
pi+	1.88897	-7.02397	79.4081	
pi+	1.7334	-9.72049	74.1004	
pi+	1.44306	-12.481	70.0483	
pi+	1.74321	-14.702	66.8725	
pi+	1.80257	-16.5276	64.2418	
pi+	1.62074	-17.7179	61.9754	
pi+	1.4262	-18.6643	60.4632	
pi+	1.01357	-19.038	58.8724	
pi+	0.722666	-19.2491	57.562	
pi+	0.555036	-19.3604	56.4929	
pi+	0.42118	-19.3366	55.611	
pi+	0.406751	-19.2082	54.9034	
pi+	0.362997	-19.0618	54.3471	
pi+	0.292288	-18.8756	53.9384	
pi+	0.30757	-18.814	53.7562	
pi+	0.392617	-18.5985	53.5343	
pi+	0.46323	-18.3919	53.4198	
pi+	0.461114	-18.2495	53.3098	
pi+	0.447956	-18.1807	53.2917	
pi+	0.447455	-18.1793	53.2917	
pi+	0.447455	-18.1793	53.2917	
mu+	0.351733	-18.1698	53.3637	
mu+	0.337677	-18.162	53.3682	
mu+	0.338247	-18.1615	53.368	
mu+	0.338263	-18.1615	53.368	
mu+	0.338263	-18.1615	53.368	
pi-	0.641296	2.87627	97.4744	
pi-	0.274326	5.75523	99.4581	
pi-	-0.033761	7.74134	101.265	
pi-	-0.238809	9.63201	102.315	
pi-	-0.594894	11.0577	103.24	
pi-	-1.10894	12.0546	104.063	
pi-	-1.41219	12.8746	104.77	
pi-	-1.60288	13.6292	105.202	
pi-	-1.56871	14.307	105.449	
pi-	-1.52966	14.623	105.913	
pi-	-1.50868	14.9072	106.27	
pi-	-1.45272	15.076	106.604	
pi-	-1.45037	15.1308	106.902	
pi-	-1.48154	15.2251	107.113	
pi-	-1.5584	15.3097	107.24	
pi-	-1.59237	15.3273	107.257	
pi-	-1.59388	15.3276	107.257	
pi-	-1.59388	15.3276	107.257	
pi-	0.153029	-0.746633	94.598	
pi-	0.1909	-1.06924	94.0731	
pi-	0.314626	-1.31872	93.6749	
pi-	0.428253	-1.5654	93.4024	
pi-	0.525684	-1.70299	93.1487	
pi-	0.564921	-1.81711	92.9497	
pi-	0.62709	-1.91388	92.8277	
pi-	0.619378	-1.9241	92.7755	
pi-	0.619097	-1.92412	92.7752	
pi-	0.619097	-1.92412	92.7752	
pi+	6.76906	-10.6538	118.68	
pi+	10.5133	-9.46951	117.6	
pi+	13.6251	-8.64186	116.78	
pi+	16.2439	-7.99399	116.669	
pi+	18.2777	-7.32818	116.583	
pi+	19.8973	-7.06693	116.383	
pi+	21.2107	-7.14968	116.543	
pi+	22.2643	-7.34645	116.669	
pi+	23.0992	-7.4302	116.853	
pi+	23.7506	-7.49581	117.088	
pi+	24.2463	-7.62071	117.319	
pi+	24.648	-7.70457	117.51	
pi+	24.9482	-7.83469	117.642	
pi+	25	-7.87759	117.674	
pi+	-11.6441	-25	164.548	
pi+	-11.6427	-24.7713	164.668	
pi+	-11.6498	-24.605	164.763	
pi+	-11.6359	-24.5343	164.829	
pi+	-11.6367	-24.5319	164.831	
pi+	-11.6368	-24.5318	164.831	
pi+	-11.6368	-24.5318	164.831	
mu+	-11.5969	-24.6461	164.873	
mu+	-11.5916	-24.6552	164.887	
mu+	-11.5922	-24.6556	164.887	
mu+	-11.5922	-24.6556	164.887	
pi0	-0.156788	-0.0370791	94.21	
pi0	-0.1568	-0.0370719	94.21	
pi+	3.67707	0.138425	109.552	
pi+	6.81947	-0.289313	120.53	
pi+	9.00745	-1.56769	129.183	
pi+	10.2713	-1.24197	136.52	
pi+	11.2147	-1.6479	142.401	
pi+	12.4515	-1.75987	147.251	
pi+	14.0829	-1.41321	150.871	
pi+	14.8727	-1.61616	152.52	
pi+	16.4902	-1.4886	154.673	
pi+	16.477	-0.997959	154.956	
pi+	16.61	-0.661847	155.209	
pi+	16.6813	-0.384293	155.395	
pi+	16.7045	-0.182906	155.574	
pi+	16.7146	-0.0116184	155.688	
pi+	16.699	0.0989303	155.753	
pi+	16.6963	0.106385	155.755	
pi+	16.6961	0.106498	155.755	
pi+	16.6961	0.106498	155.755	
mu+	16.7982	0.13955	155.821	
mu+	16.8078	0.142344	155.829	
mu+	16.8077	0.142255	155.829	
mu+	16.8077	0.142259	155.829	
mu+	16.8077	0.142259	155.829	
pi-	-0.211466	-0.699657	96.8139	
pi-	-0.754214	-22.8309	163.24	
pi-	-0.931072	-25	169.125	
pi-	3376.18	24510.6	67779.8	
mu-	4027.97	49837.5	136322	
pi0	-4.31712	24.7306	163.239	
pi+	-0.209593	0.0451835	25.2163	
pi+	-5.30991	1.28082	33.0302	
pi0	-5.30992	1.2808	33.0302	
pi-	-4.98101	-6.6167	37.9628	
pi-	-8.92031	-12.2831	47.762	
pi-	-10.5088	-16.6152	56.3374	
pi-	-11.6426	-19.8115	63.3652	
pi-	-12.0221	-23.3288	68.3703	
pi-	-12.9656	-25	71.7992	
pi-	25	-4.95937	451.415	
pi-	23.2026	-4.69787	455.385	
pi-	21.4363	-4.56297	458.488	
pi-	20.9626	-4.59419	459.219	
pi0	2.80521e-05	2.01858e-06	24.904	
pi+	1.44163	-0.526907	33.3961	
pi+	4.3772	-0.70869	47.3836	
pi+	7.77085	0.456718	57.8447	
pi+	11.0337	1.65454	65.9191	
pi+	11.8933	1.9921	72.9675	
pi+	11.3976	1.6148	78.5995	
pi+	11.6002	1.1648	83.3599	
pi+	12.3314	1.12894	87.1347	
pi+	12.5673	0.972406	90.2655	
pi+	12.5839	1.00094	92.7742	
pi+	12.1837	0.971291	94.7889	
pi+	11.7723	1.11144	96.3836	
pi+	11.2383	1.51011	97.528	
pi+	10.8398	1.87736	98.4466	
pi+	10.6072	2.21196	99.2174	
pi+	10.4626	2.50822	99.8443	
pi+	10.345	2.75949	100.332	
pi+	10.2474	2.96066	100.726	
pi+	10.1249	3.13995	101.024	
pi+	10.0483	3.21229	101.292	
pi+	9.97135	3.20348	101.506	
pi+	9.92146	3.23588	101.655	
pi+	9.90119	3.24016	101.681	
pi+	9.90163	3.24012	101.681	
pi+	9.90163	3.24012	101.681	
mu+	9.9266	3.36339	101.68	
mu+	9.92634	3.37826	101.683	
mu+	9.9255	3.37893	101.683	
mu+	9.92551	3.37891	101.683	
mu+	9.92551	3.37891	101.683	
pi0	1.32577	0.0232008	96.4218	
pi0	1.32581	0.0231946	96.4219	
pi-	1.41578	0.012417	96.4739	
pi+	2.92264	-0.661564	88.9237	
pi+	4.17635	-1.33353	84.9493	
pi+	4.85352	-1.94025	81.4374	
pi+	6.80191	-5.79076	80.8214	
pi+	8.11972	-9.04651	80.7387	
pi+	9.05166	-11.6947	80.5948	
pi+	9.81361	-13.7935	80.4912	
pi+	10.1869	-15.5567	80.5657	
pi+	10.3383	-16.9516	80.7217	
pi+	10.2556	-18.0101	81.0874	
pi+	9.95979	-18.7496	81.4746	
pi+	9.58647	-19.2439	81.812	
pi+	9.30836	-19.6605	82.0101	
pi+	9.12054	-20.0262	82.1299	
pi+	8.98009	-20.3332	82.1545	
pi+	8.88529	-20.5716	82.1366	
pi+	8.822	-20.7657	82.1128	
pi+	8.81577	-20.9028	82.1153	
pi+	8.8153	-20.9106	82.1244	
pi+	8.81567	-20.9106	82.1248	
pi+	8.81567	-20.9106	82.1248	
mu+	8.76402	-20.9745	82.0308	
mu+	8.76302	-20.9906	82.0285	
mu+	8.76264	-20.991	82.0287	
mu+	8.76264	-20.991	82.0287	
pi-	7.73651	15.7153	141.076	
pi-	7.24262	14.5667	141.736	
pi-	6.72933	13.694	142.112	
pi-	6.26086	12.9987	142.283	
pi-	6.05028	12.3571	142.281	
pi-	5.9779	11.8039	142.242	
pi-	5.92241	11.3632	142.209	
pi-	5.91625	11.0069	142.16	
pi-	5.91607	11.0048	142.159	
pi-	5.6702	10.8874	142.24	
pi-	5.46866	10.8712	142.298	
pi-	5.33549	10.8391	142.298	
pi-	5.32651	10.832	142.299	
pi-	5.32647	10.8318	142.299	
pi-	5.32647	10.8318	142.299	
pi-	-0.816659	3.60332	43.0087	
pi-	-1.73574	6.25223	42.1194	
pi-	-2.42364	8.42034	42.087	
pi-	-3.08562	10.0784	42.0987	
pi-	-3.60964	11.442	42.2472	
pi-	-4.0487	12.5443	42.1908	
pi-	-4.35693	13.4294	42.2668	
pi-	-4.70783	14.0778	42.3942	
pi-	-5.08604	14.5498	42.3554	
pi-	-5.43472	14.8666	42.2229	
pi-	-5.67113	15.1582	42.1098	
pi-	-5.85448	15.3715	41.9716	
pi-	-5.96878	15.5233	41.8203	
pi-	-6.05147	15.6375	41.7175	
pi-	-6.10346	15.6685	41.6901	
pi-	-6.10347	15.6685	41.6901	
pi-	-6.10347	15.6685	41.6901	
pi0	-0.000822443	0.0102674	44.202	
pi-	-2.27753	3.16372	97.4542	
pi-	-2.0995	3.91175	97.2559	
pi-	-1.89099	4.47457	97.1428	
pi-	-1.65434	4.87749	97.0043	
pi-	-1.46144	5.20124	96.9638	
pi-	-1.26627	5.40032	96.8441	
pi-	-1.16524	5.59095	96.7612	
pi-	-1.09862	5.72589	96.6731	
pi-	-1.05882	5.75708	96.6513	
pi-	-1.05856	5.75779	96.6515	
pi-	-1.05856	5.75779	96.6515	
pi-	-1.05856	5.75779	96.6515	
pi0	1.12943	-0.460419	50.7439	
pi+	2.19249	-7.75856	44.3538	
pi+	4.07528	-13.8282	44.0274	
pi+	4.50449	-19.0719	43.9899	
pi+	5.21852	-23.2194	44.0102	
pi+	5.81163	-25	43.7532	
pi+	-25	13.9277	22.9586	
pi+	-22.517	12.3449	22.7994	
pi+	-20.4113	11.2583	22.8738	
pi+	-18.5767	10.8259	22.9663	
pi+	-17.1903	10.2005	23.1533	
pi+	-16.1049	9.63586	23.2547	
pi+	-15.294	9.23908	22.9793	
pi+	-14.6353	9.16278	22.6438	
pi+	-14.1599	9.05345	22.2945	
pi+	-13.7522	8.93193	22.0503	
pi+	-13.5071	8.77977	21.7917	
pi+	-13.3849	8.65592	21.5467	
pi+	-13.2646	8.61276	21.3526	
pi+	-13.1789	8.63493	21.2135	
pi+	-13.1598	8.63209	21.173	
pi+	-13.1596	8.63199	21.1728	
pi+	-13.1596	8.63199	21.1728	
mu+	-13.1635	8.51004	21.2026	
mu+	-13.1522	8.49884	21.194	
mu+	-13.1515	8.49869	21.1939	
mu+	-13.1515	8.49869	21.1939	
pi+	-7.53519	-2.58899	59.7219	
pi+	-13.9876	-5.0979	71.9481	
pi+	-20.5129	-6.23709	81.3044	
pi+	-25	-5.93414	85.7999	
pi+	25	16.8999	504.292	
pi+	20.3756	12.856	509.644	
pi+	16.4546	9.73088	513.854	
pi+	14.9001	8.63146	516.192	
pi+	0.0102216	-3.63072	68.4148	
pi+	0.421519	-5.48908	73.4279	
pi+	-1.03692	-8.21171	80.8623	
pi+	-0.832765	-9.21909	87.1063	
pi+	-1.84132	-9.93059	92.2033	
pi+	-2.92426	-10.694	96.1391	
pi+	-3.59084	-11.3224	99.4192	
pi+	-4.42864	-11.436	101.954	
pi+	-4.72655	-11.6973	104.016	
pi+	-5.11256	-11.7809	105.689	
pi+	-5.10178	-11.8239	107.103	
pi+	-5.10072	-11.8768	108.236	
pi+	-4.92454	-11.9804	109.113	
pi+	-4.67996	-12.0711	109.789	
pi+	-4.62512	-12.0722	110.349	
pi+	-4.61014	-12.0542	110.789	
pi+	-4.54361	-11.9564	111.114	
pi+	-4.51137	-11.8742	111.373	
pi+	-4.48604	-11.7237	111.524	
pi+	-4.45296	-11.6032	111.604	
pi+	-4.44714	-11.5916	111.623	
pi+	-4.4469	-11.5917	111.623	
pi+	-4.4469	-11.5917	111.623	
mu+	-4.48629	-11.5386	111.733	
mu+	-4.49434	-11.5441	111.745	
mu+	-4.49428	-11.5444	111.745	
mu+	-4.49428	-11.5444	111.745	
pi-	-6.8377	5.2748	80.3442	
pi-	-16.0353	10.3057	106.552	
pi-	-22.5148	10.9958	124.091	
pi-	-25	11.4622	131.33	
pi-	-61.2088	-102.193	573	
pi-	-57.817	-103.902	583	
pi-	-57.817	-103.902	583	
pi-	-57.817	-103.902	583	
pi-	24.0272	-25	968.577	
pi-	21.2961	-19.3294	985.061	
pi-	18.2678	-11.6908	997.144	
pi-	17.3452	-9.35685	1000	
pi-	13524.5	-63.3762	15586.2	
mu-	49775.4	4733.95	61452.7	
pi-	-10.8367	-3.94235	130.127	
pi-	-23.6667	-7.49568	193.148	
pi0	-23.6668	-7.49569	193.148	
pi0	-23.6668	-7.4956	193.148	
pi+	2.07134	-1.60843	61.6932	
pi+	1.01876	-16.123	62.4776	
pi+	-1.71334	-25	63.7828	
pi+	7.42309	25	140.33	
pi+	7.42604	24.8961	140.341	
pi-	17.8167	-9.77474	180.947	
pi-	18.1853	-9.84903	180.731	
pi-	18.4862	-9.87049	180.567	
pi-	18.7139	-9.80281	180.446	
pi-	18.8511	-9.67841	180.37	
pi-	18.8581	-9.58969	180.334	
pi-	18.8582	-9.58648	180.336	
pi-	18.8582	-9.58648	180.336	
pi-	18.8582	-9.58648	180.336	
pi+	18.1188	-8.69278	182.863	
pi+	25	-1.39703	195.626	
pi+	12728.6	42639.9	54622.6	
pi+	12940.4	43359	55511.2	
mu+	14994.4	47698.7	61051.7	
pi+	-21.5809	-5.75338	54.604	
pi+	-25	-9.19836	60.1981	
pi+	-1.80531	25	771.636	
pi+	-5.09225	18.2963	779.298	
pi+	-5.77615	16.9671	780.624	
pi0	-5.77609	16.967	780.624	
pi0	-0.0103957	-0.017313	6.00091	
pi-	0.239087	0.422525	6.58671	
pi-	2.04831	3.99301	11.3067	
pi-	3.62012	6.66923	15.2925	
pi-	4.51106	8.96906	18.4632	
pi-	5.22665	11.2496	20.726	
pi-	5.63067	12.8092	22.7993	
pi-	5.75536	14.1462	24.4333	
pi-	6.06824	15.0763	25.8369	
pi-	6.15029	15.2998	26.0926	
pi-	6.33628	16.211	27.0372	
pi-	6.47138	17.0739	27.6279	
pi-	6.68501	17.7456	28.0545	
pi-	6.84999	18.2915	28.4117	
pi-	6.9487	18.7227	28.7171	
pi-	7.01345	19.0892	28.9231	
pi-	7.04679	19.4148	28.9998	
pi-	7.04536	19.6561	29.1135	
pi-	7.03078	19.8226	29.2433	
pi-	7.07683	19.9513	29.2841	
pi-	7.07527	19.967	29.2901	
pi-	7.07527	19.967	29.2901	
pi0	-0.0104087	-0.0172844	6.00075	
pi0	-0.0103809	-0.0173109	6.00088	
pi-	-9.50418	-2.91426	45.9134	
pi-	-9.78261	-3.2436	47.122	
pi-	-19.4712	-16.5175	88.8731	
pi-	-24.8851	-20.8223	102.667	
pi0	-0.0103905	-0.0172882	6.00069	
pi0	-0.0103478	-0.0172896	6.00076	
pi0	-6.05699e-06	3.41152e-05	15.8417	
pi+	-2.71655	2.466	26.9945	
pi+	-6.82933	11.796	65.9017	
pi+	-7.23846	15.4833	83.0094	
pi+	-5.9131	19.0176	110.311	
pi0	-5.91304	19.0176	110.311	
pi0	1.78998	-0.239455	68.4316	
pi-	15.9389	-25	146.895	
pi-	254.885	179.261	778.444	
mu-	-3085.35	1128.69	4681.36	
mu-	-7592.1	2391.31	8333.99	
mu-	-11642.4	3547.86	11605.9	
mu-	-15290.9	4577.48	14517.4	
mu-	-18568.6	5524.84	17138.9	
mu-	-21506.4	6418.39	19478.9	
mu-	-24155.2	7206.45	21595	
mu-	-26538.5	7917.86	23505.9	
mu-	-28683	8559.49	25231.8	
mu-	-30612.9	9137.68	26772.3	
mu-	-32347.7	9665.32	28157.4	
mu-	-33910.3	10135.6	29409.3	
mu-	-35316.2	10560.4	30535.8	
mu-	-36582.5	10939.2	31562.2	
mu-	-37721	11284.2	32484.4	
mu-	-38745.2	11596.1	33317.5	
mu-	-39667.2	11876.1	34066.9	
mu-	-40497.8	12125.3	34742.2	
mu-	-41246.2	12346.9	35354.5	
mu-	-41919.8	12545.9	35908.5	
mu-	-42525.9	12725.7	36404	
mu-	-43071.6	12886.7	36849.9	
mu-	-43563	13030.8	37250.8	
mu-	-44005.3	13160.2	37609.9	
mu-	-44403.2	13277.3	37934	
mu-	-44761.3	13382.7	38225.6	
mu-	-45083.4	13478.2	38487.7	
mu-	-45373.5	13563.5	38723.7	
mu-	-45634.5	13640.6	38936.1	
mu-	-45869.5	13709.9	39126.8	
mu-	-46080.9	13772.2	39298.9	
mu-	-46271.2	13828.3	39453.6	
mu-	-46442.5	13878.6	39593	
mu-	-46596.7	13923.9	39718.3	
mu-	-46735.4	13965	39830.9	
mu-	-46860.2	14001.9	39932.2	
mu-	-46972.6	14034.9	40023.4	
mu-	-47073.7	14065	40105.5	
mu-	-47164.6	14092	40179.4	
mu-	-47246.5	14116.4	40245.9	
mu-	-47320.1	14138.3	40305.6	
mu-	-47386.4	14158.2	40359.4	
mu-	-47446.1	14175.9	40407.8	
mu-	-47499.8	14191.9	40451.4	
mu-	-47548.1	14206.4	40490.6	
mu-	-47591.6	14219.5	40525.9	
mu-	-47630.7	14231.2	40557.6	
mu-	-47665.9	14241.8	40586.1	
mu-	-47697.6	14251.3	40611.7	
mu-	-47726.1	14259.9	40634.8	
mu-	-47751.8	14267.6	40655.5	
mu-	-47774.9	14274.5	40674.2	
mu-	-47795.7	14280.8	40691	
mu-	-47814.5	14286.4	40706.2	
mu-	-47831.3	14291.5	40719.8	
mu-	-47846.5	14296.1	40732.1	
mu-	-47860.1	14300.2	40743.1	
mu-	-47872.4	14303.9	40753	
mu-	-47883.4	14307.2	40762	
mu-	-47893.4	14310.2	40770	
mu-	-47902.3	14312.9	40777.2	
mu-	-47907.2	14314.4	40781.1	
pi0	1.78998	-0.23946	68.4315	
pi-	-21.6531	6.04921	100.862	
pi-	-25	7.56137	105.702	
pi-	2735.04	-3905.16	8510.07	
mu-	5696.94	-7335.11	13979.3	
mu-	32471.3	-38021.2	63754.5	
pi-	5.23209	-11.8144	119.729	
pi-	5.73033	-13.5004	118.713	
pi-	5.26031	-13.9936	120.078	
pi-	4.86585	-14.4486	121.156	
pi-	4.45973	-14.8435	121.935	
pi-	4.1922	-15.2113	122.555	
pi-	3.94053	-15.4181	123.052	
pi-	3.771	-15.6286	123.448	
pi-	3.54935	-15.8041	123.721	
pi-	3.37963	-15.9756	123.927	
pi-	3.2318	-16.1554	124.035	
pi-	3.11685	-16.3146	124.075	
pi-	3.0703	-16.4198	124.133	
pi-	3.06644	-16.4277	124.139	
pi-	3.06641	-16.4278	124.139	
pi-	3.06641	-16.4278	124.139	
pi0	3.79785	-3.52005	124.34	
pi0	-0.623883	0.428753	59.2899	
pi0	-0.623967	0.428775	59.2901	
pi0	-0.623882	0.42875	59.2899	
pi0	-0.623885	0.428751	59.29	
pi-	-11.0831	13.2456	128.775	
pi-	-11.3989	12.8123	129.064	
pi0	-0.623877	0.428759	59.2899	
pi+	0.0218577	-7.07019	66.5561	
pi+	0.260652	-13.5527	66.7368	
pi+	0.715486	-18.9481	67.3167	
pi+	-0.143805	-22.989	68.9162	
pi+	-0.867788	-25	69.1945	
pi+	0.953698	25	116.027	
pi+	1.53624	23.1028	116.239	
pi0	-0.295168	0.0886533	107.014	
pi0	-0.2952	0.0886514	107.014	
pi+	-0.472096	11.2834	132.773	
pi+	3.20749	21.3746	152.801	
pi+	5.64843	25	163.122	
pi+	99.1217	-42.7415	573	
pi+	97.1002	-46.2516	583	
pi+	97.1002	-46.2516	583	
pi+	97.1002	-46.2516	583	
pi+	-9.56907	-25	930.309	
pi+	-10.2327	-19.4399	944.158	
pi+	-12.9244	-14.7174	955.235	
pi+	-15.2403	-10.1146	963.816	
pi+	-17.1503	-6.82969	970.978	
pi+	-18.1368	-5.06971	977.073	
pi+	-18.8093	-4.18454	982.233	
pi+	-19.4745	-3.33197	986.406	
pi+	-19.3864	-2.90245	989.91	
pi+	-19.7209	-2.69392	992.552	
pi+	-19.6807	-2.53343	994.625	
pi+	-19.8386	-2.46981	996.322	
pi+	-19.7437	-2.36571	997.673	
pi+	-19.698	-2.41871	998.76	
pi+	-19.7303	-2.29959	999.605	
pi+	-19.7546	-2.26743	1000	
pi+	146.919	-73.6336	4186.91	
mu+	-1161.67	483.078	7137.09	
mu+	-2189.84	816.445	9392.95	
mu+	-3035.23	1088.91	11163.6	
mu+	-4096	1802.88	12037.7	
mu+	-4938.45	2569.58	12664.6	
mu+	-5609.86	3188.92	13159.7	
mu+	-6107	3713.42	13572	
mu+	-6551.31	4081.41	13919.4	
mu+	-6917.37	4389.35	14192.1	
mu+	-7214.88	4639.36	14391.2	
mu+	-7429.96	4830.53	14568.7	
mu+	-7601.56	4987.17	14715.2	
mu+	-7745.34	5101.25	14829.2	
mu+	-7863.84	5193.43	14920	
mu+	-7959.26	5267.68	14996.9	
mu+	-8027.06	5337.25	15063.3	
mu+	-8078.2	5393.75	15111.9	
mu+	-8115.89	5440.35	15153.1	
mu+	-8145.81	5476.67	15187.5	
mu+	-8167.51	5504.94	15216	
mu+	-8182.01	5527.97	15240.1	
mu+	-8193.79	5545.66	15257.8	
mu+	-8203.79	5558.83	15272	
mu+	-8212.26	5568.2	15283.7	
mu+	-8218.71	5576.48	15292.9	
mu+	-8224.6	5582.88	15300	
mu+	-8229.79	5587.81	15306	
mu+	-8234.36	5591.8	15310.8	
mu+	-8237.69	5595.16	15314.6	
mu+	-8240.39	5597.91	15317.6	
mu+	-8242.68	5599.94	15319.8	
mu+	-8244.39	5601.74	15321.5	
mu+	-8245.82	5603.16	15322.8	
mu+	-8247.11	5604.21	15323.9	
mu+	-8248.17	5605.2	15324.7	
mu+	-8249	5606.02	15325.4	
mu+	-8249.71	5606.63	15326	
mu+	-8250.26	5607.08	15326.5	
mu+	-8250.71	5607.43	15326.9	
mu+	-8251.05	5607.71	15327.3	
mu+	-8251.37	5607.88	15327.6	
mu+	-8251.63	5608.02	15327.8	
mu+	-8251.82	5608.13	15327.9	
mu+	-8251.97	5608.2	15328.1	
mu+	-8252.08	5608.25	15328.2	
mu+	-8252.08	5608.25	15328.2	
pi0	-0.295189	0.0886528	107.014	
pi-	-9.00881	11.2493	143.732	
pi-	-13.4551	20.4888	166.84	
pi-	-14.8683	25	177.031	
pi-	-22570.1	10811.9	58785.5	
mu-	-24847.8	11847.6	63750.5	
mu-	-26902.3	12769.8	68226.3	
mu-	-28753.8	13594.6	72318.6	
mu-	-30413.6	14351	75982.4	
mu-	-31921.9	15000.5	79276.6	
mu-	-33292.9	15555.1	82259.3	
mu-	-34527.3	16053	84965.6	
mu-	-35639.6	16498.1	87421.8	
mu-	-36639.8	16887.1	89616.9	
mu-	-37546.9	17235.3	91602.3	
mu-	-38361.8	17551.9	93398.3	
mu-	-39097.2	17832.6	95010.9	
mu-	-39757.4	18088.9	96462.6	
mu-	-40350.1	18322.7	97765.2	
mu-	-40882.9	18534.8	98926.2	
mu-	-41363.7	18722.9	99969	
mu-	-41796.6	18891.8	100905	
mu-	-42185.8	19044.7	101745	
mu-	-42536.2	19181.9	102503	
mu-	-42851.9	19304.8	103183	
mu-	-43136.3	19414.7	103796	
mu-	-43392.4	19513.5	104346	
mu-	-43622.7	19602.6	104841	
mu-	-43830.2	19682.4	105288	
mu-	-44016.7	19754.7	105690	
mu-	-44184.7	19819.5	106053	
mu-	-44336.1	19877.4	106379	
mu-	-44472.5	19929	106672	
mu-	-44595.5	19975.2	106936	
mu-	-44706	20016.9	107173	
mu-	-44805.5	20054.5	107387	
mu-	-44895	20088.5	107580	
mu-	-44975.6	20119	107753	
mu-	-45048.1	20146.4	107909	
mu-	-45113.3	20171.2	108050	
mu-	-45172	20193.5	108176	
mu-	-45224.8	20213.6	108289	
mu-	-45272.4	20231.7	108392	
mu-	-45315.2	20248	108483	
mu-	-45353.7	20262.6	108566	
mu-	-45388.4	20275.9	108640	
mu-	-45419.5	20287.8	108707	
mu-	-45447.6	20298.5	108767	
mu-	-45472.9	20308.1	108821	
mu-	-45495.6	20316.8	108870	
mu-	-45516.1	20324.6	108914	
mu-	-45534.5	20331.7	108954	
mu-	-45551.1	20338	108989	
mu-	-45566	20343.7	109021	
mu-	-45579.4	20348.8	109050	
mu-	-45591.5	20353.4	109076	
mu-	-45602.4	20357.5	109099	
mu-	-45612.2	20361.2	109120	
mu-	-45621	20364.6	109139	
mu-	-45628.9	20367.6	109156	
mu-	-45636	20370.3	109171	
mu-	-45642.4	20372.8	109185	
mu-	-45648.2	20374.9	109197	
mu-	-45653.4	20376.9	109209	
mu-	-45658.1	20378.7	109219	
mu-	-45658.5	20378.9	109220	
pi0	6.42963	14.0273	138.898	
pi-	-1.84632	1.55344	140.069	
pi-	-4.25193	2.24583	165.589	
pi-	-5.19418	2.0344	186.442	
pi-	-9.59682	1.99615	202.986	
pi-	-10.368	2.25948	207.373	
pi-	-19.9884	2.38588	216.061	
pi-	-25	0.977692	221.423	
pi-	78.7857	-85.4513	573	
pi-	80.2516	-76.8059	583	
pi-	80.2516	-76.8059	583	
pi-	80.2516	-76.8059	583	
pi-	25	4.40299	704.957	
pi-	19.5873	5.66733	711.292	
pi-	14.9399	6.89479	716.213	
pi-	11.4713	7.84316	720.513	
pi-	10.5925	8.19773	721.302	
pi-	10.7403	7.16148	721.952	
pi-	11.7192	5.71143	724.014	
pi-	11.7993	5.54728	724.195	
pi-	12.8915	4.67722	725.812	
pi-	13.7283	3.82359	726.959	
pi-	14.5766	3.11494	727.724	
pi-	15.2998	2.46901	728.19	
pi-	15.9088	1.99377	728.575	
pi-	16.3394	1.59994	728.908	
pi-	16.6817	1.21771	729.074	
pi-	16.9953	0.936051	729.149	
pi-	17.1037	0.845986	729.155	
pi-	17.2382	0.821885	728.875	
pi-	17.3215	0.783048	728.649	
pi-	17.3951	0.765698	728.484	
pi-	17.4305	0.758951	728.435	
pi-	17.4298	0.758988	728.434	
pi-	17.4298	0.758988	728.434	
pi-	-0.49626	-3.81526	121.751	
pi+	-0.849429	-4.51942	122.817	
pi+	-0.92791	-4.69381	123.129	
pi+	-1.31535	-4.87981	124.027	
pi+	-1.6432	-4.94629	124.697	
pi+	-2.06065	-4.95494	125.102	
pi+	-2.39172	-4.96644	125.44	
pi+	-2.64104	-4.87413	125.721	
pi+	-2.87003	-4.81806	125.909	
pi+	-3.09126	-4.82222	125.99	
pi+	-3.2398	-4.82161	126.071	
pi+	-3.29213	-4.80119	126.097	
pi+	-3.29274	-4.80076	126.097	
pi+	-3.29275	-4.80077	126.097	
pi+	-3.29275	-4.80077	126.097	
mu+	-3.39496	-4.84627	126.159	
mu+	-3.41119	-4.8509	126.163	
mu+	-3.41159	-4.85099	126.163	
mu+	-3.41159	-4.85099	126.163	
mu+	-3.41159	-4.85099	126.163	
pi+	2.43876	-1.30721	109.625	
pi+	11.097	-5.69283	118.594	
pi+	6.43273	2.29731	32.8868	
pi0	0.00018929	-0.000125081	29.8958	
pi-	1.42059	3.46353	34.045	
pi-	-2.38118	11.6394	36.1808	
pi0	-2.38118	11.6394	36.1808	
pi-	0.306558	-0.75204	30.7151	
pi-	7.14132	-2.62982	45.6243	
pi-	7.60041	-2.68851	46.5839	
pi-	12.9615	-4.85499	57.9193	
pi-	18.1717	-5.5814	66.7244	
pi-	21.332	-5.35677	74.4105	
pi-	23.4278	-5.24695	80.9048	
pi-	24.1637	-4.62952	86.4382	
pi-	24.2811	-4.41648	87.8203	
pi-	-1.31809	8.82263	48.6848	
pi+	2.39147	-3.33588	46.4662	
pi0	0.000204095	-0.000134376	29.8958	
pi+	0.552903	4.19318	45.6489	
pi+	-0.0603685	5.27347	45.197	
pi+	-0.609849	6.10124	45.0521	
pi+	-1.1202	6.68345	45.3268	
pi+	-1.54912	7.11264	45.6007	
pi+	-1.94269	7.41145	45.7962	
pi+	-2.18511	7.67498	46.0097	
pi+	-2.34221	7.88505	46.203	
pi+	-2.42615	8.00653	46.4128	
pi+	-2.55145	8.10741	46.5231	
pi+	-2.59936	8.17483	46.5882	
pi+	-2.60025	8.17748	46.5884	
pi+	-2.60026	8.1775	46.5884	
pi+	-2.60026	8.1775	46.5884	
mu+	-2.50483	8.15632	46.5069	
mu+	-2.4977	8.15957	46.5075	
mu+	-2.49783	8.15981	46.5074	
mu+	-2.49783	8.15981	46.5074	
pi+	-2.25359	2.64052	345.752	
pi+	-2.02239	1.3508	365.224	
pi+	-5.2246	-0.824859	394.243	
pi+	-8.47142	-2.92538	407.448	
pi0	-8.47143	-2.92531	407.448	
pi0	-1.98282	3.27112	336.708	
pi+	-8.52623	2.86257	348.81	
pi+	-13.1452	3.2771	359.01	
pi+	-16.9053	4.26274	366.89	
pi+	-20.3815	3.98675	372.846	
pi+	-23.1417	3.99521	377.77	
pi+	-24.058	4.16779	379.768	
pi+	2.96341	-1.44445	5.48921	
pi+	3.30655	-3.31102	1.61961	
pi+	3.45316	-4.14304	4.21885e-15	
pi+	240.557	-1003.44	-1904.11	
mu+	-1809.67	-11130.3	-16446.1	
mu+	-3330.55	-19403.2	-28483.8	
mu+	-4171.29	-26411.3	-38264.8	
mu+	-4754.09	-32495.6	-45717.3	
mu+	-5322.63	-37159.9	-51630.9	
mu+	-5744.18	-41124.6	-56242.8	
mu+	-6050.64	-44288.8	-60016.6	
mu+	-6240.97	-46888.1	-62908.6	
mu+	-6365.75	-48924.9	-65295.9	
mu+	-6408.77	-49587.6	-66038.7	
pi+	-0.755491	0.308798	5.7137	
pi0	-0.755482	0.308798	5.7137	
pi0	0.00877443	0.0108351	4.39383	
pi-	15.2523	25	27.3146	
pi-	-401.179	149.043	598.284	
mu-	17748.6	4245.98	16518.1	
mu-	20837.4	5014.11	19078.9	
mu-	23615.5	5713.21	21383	
mu-	26115.6	6342.68	23464.8	
mu-	28358.8	6893.58	25360.8	
mu-	30388.1	7390.27	27080.5	
mu-	32215	7835.52	28632.8	
mu-	33859	8236.61	30036.2	
mu-	35338.7	8597.41	31295.9	
mu-	36670.4	8922.4	32432.9	
mu-	37869.2	9213.48	33457.6	
mu-	38948.3	9474.76	34381.8	
mu-	39919.1	9711.63	35214.2	
mu-	40793.1	9923.78	35966.4	
mu-	41579.4	10115.8	36640.9	
mu-	42286.9	10289.1	37247.2	
mu-	42923.7	10445.2	37793.3	
mu-	43497.1	10584.2	38285.3	
mu-	44013.1	10709.9	38726.2	
mu-	44477.5	10822.9	39122.7	
mu-	44895.5	10924.6	39478.7	
mu-	45271.7	11016.1	39798.8	
mu-	45610.3	11098.3	40086.6	
mu-	45915.1	11172	40345.6	
mu-	46189.3	11238.7	40578.7	
mu-	46436.2	11298.7	40788.4	
mu-	46658.3	11352.7	40977.1	
mu-	46858.1	11400.8	41147.3	
mu-	47038.2	11444.1	41300.9	
mu-	47200.2	11483.2	41439	
mu-	47346.1	11518.2	41563.4	
mu-	47477.3	11549.8	41675.4	
mu-	47595.4	11578.2	41776.3	
mu-	47701.7	11603.8	41867.1	
mu-	47797.4	11626.9	41949	
mu-	47883.5	11647.6	42022.6	
mu-	47961	11666.3	42088.9	
mu-	48030.7	11683.2	42148.6	
mu-	48093.5	11698.3	42202.3	
mu-	48150	11711.9	42250.6	
mu-	48200.8	11724.1	42294.1	
mu-	48246.6	11735.1	42333.3	
mu-	48287.8	11745	42368.6	
mu-	48324.8	11753.9	42400.3	
mu-	48358.2	11762	42428.9	
mu-	48388.2	11769.2	42454.6	
mu-	48415.3	11775.7	42477.7	
mu-	48439.6	11781.5	42498.5	
mu-	48461.5	11786.8	42517.3	
mu-	48481.2	11791.5	42534.1	
mu-	48498.9	11795.8	42549.3	
mu-	48514.8	11799.6	42563	
mu-	48529.2	11803	42575.3	
mu-	48542.1	11806.1	42586.4	
mu-	48553.8	11808.9	42596.3	
mu-	48564.2	11811.4	42605.3	
mu-	48573.7	11813.7	42613.3	
mu-	48582.1	11815.7	42620.6	
mu-	48583.7	11816.1	42622	
pi-	-5.28632	5.78017	55.6828	
pi-	-6.1887	6.58824	60.056	
pi-	-7.05504	6.85531	63.6239	
pi-	-7.10726	6.91564	63.8118	
pi-	-7.28431	7.42191	63.9086	
pi-	-7.42504	7.78991	64.1014	
pi-	-7.48434	8.08983	64.2861	
pi-	-7.54305	8.31887	64.429	
pi-	-7.58873	8.47825	64.5622	
pi-	-7.61512	8.57915	64.6419	
pi-	-7.61525	8.58089	64.648	
pi-	-7.61525	8.58089	64.648	
pi-	-7.61525	8.58089	64.648	
pi0	-4.717	4.95168	50.1807	
pi+	2.04782	8.55392	148.729	
pi+	5.31348	23.4773	191.582	
pi+	1.82534	15.2675	192.613	
pi+	-0.491649	10.4639	193.036	
pi+	-5.10408	6.22424	194.403	
pi+	-8.73428	2.50164	195.361	
pi+	-11.7804	-0.226442	196.014	
pi+	-14.3311	-2.36926	196.417	
pi+	-16.1962	-4.06665	197.273	
pi+	-17.9526	-5.23205	197.783	
pi+	-19.2545	-6.23273	198.327	
pi+	-20.2338	-7.13698	198.667	
pi+	-20.9085	-7.90987	199.077	
pi+	-21.636	-8.44245	199.034	
pi+	-21.6396	-8.44584	199.033	
pi+	-22.3284	-8.60876	199.146	
pi+	-22.8869	-8.69177	199.093	
pi+	-23.323	-8.81879	199.002	
pi+	-23.6626	-8.92568	198.947	
pi+	-23.9403	-8.94606	198.904	
pi+	-24.1507	-8.97829	198.837	
pi+	-24.2937	-8.97057	198.776	
pi+	-24.3208	-8.96983	198.775	
pi+	-24.3214	-8.9696	198.775	
pi+	-24.3213	-8.96958	198.775	
pi+	-24.3213	-8.96958	198.775	
mu+	-24.3601	-9.08289	198.734	
mu+	-24.363	-9.10119	198.731	
mu+	-24.3631	-9.10185	198.731	
mu+	-24.3631	-9.10185	198.731	
pi0	-0.835311	0.097516	124.462	
pi-	6.48562	0.696676	130.04	
pi-	8.08748	0.93649	131.121	
pi-	25	-1.34877	140.636	
pi-	-25	11.3015	711.74	
pi-	-24.9137	11.2638	711.797	
pi0	-0.835358	0.097425	124.462	
pi-	-1.08071	4.43013	142.732	
pi-	3.32233	-25	141.635	
pi-	-22489	20796.9	-3640.89	
mu-	-24013.3	22013.1	-3855.39	
mu-	-25387	23105.5	-4052.64	
mu-	-26622.3	24089.8	-4228.19	
mu-	-27736.4	24973	-4388.33	
mu-	-28739.5	25767.4	-4532.24	
mu-	-29642.4	26482.3	-4662.37	
mu-	-30454.4	27126.4	-4777.12	
mu-	-31185.2	27706.1	-4882.05	
mu-	-31843.2	28227.4	-4975.9	
mu-	-32435.8	28696.2	-5062.76	
mu-	-32969	29118.3	-5140.27	
mu-	-33448.9	29498.2	-5210.2	
mu-	-33880.9	29839.9	-5273.5	
mu-	-34270	30147.1	-5330	
mu-	-34620.3	30423.5	-5380.81	
mu-	-34935.5	30672.3	-5426.43	
mu-	-35219.5	30896	-5467.38	
mu-	-35475.1	31097.1	-5504.34	
mu-	-35705.1	31278.3	-5537.49	
mu-	-35912.3	31441.1	-5567.36	
mu-	-36099	31587.4	-5593.94	
mu-	-36267	31719.1	-5617.76	
mu-	-36418.2	31837.6	-5639.09	
mu-	-36554.2	31944.3	-5658.4	
mu-	-36676.7	32040.2	-5675.88	
mu-	-36787	32126.6	-5691.53	
mu-	-36886.2	32204.4	-5705.72	
mu-	-36975.5	32274.3	-5718.47	
mu-	-37055.9	32337.3	-5729.94	
mu-	-37128.2	32393.9	-5740.23	
mu-	-37193.3	32444.9	-5749.48	
mu-	-37251.9	32490.8	-5757.84	
mu-	-37304.6	32532.1	-5765.37	
mu-	-37352.1	32569.3	-5772.18	
mu-	-37394.8	32602.8	-5778.3	
mu-	-37433.2	32632.9	-5783.82	
mu-	-37467.8	32660	-5788.78	
mu-	-37498.9	32684.4	-5793.24	
mu-	-37527	32706.3	-5797.26	
mu-	-37552.2	32726.1	-5800.87	
mu-	-37574.9	32743.9	-5804.12	
mu-	-37595.3	32759.9	-5807.05	
mu-	-37613.7	32774.3	-5809.68	
mu-	-37630.3	32787.2	-5812.05	
mu-	-37645.2	32798.9	-5814.17	
mu-	-37658.6	32809.4	-5816.09	
mu-	-37670.6	32818.8	-5817.81	
mu-	-37681.5	32827.3	-5819.36	
mu-	-37691.3	32835	-5820.75	
mu-	-37700.1	32841.9	-5822	
mu-	-37701	32842.6	-5822.13	
pi0	-0.835342	0.0974303	124.462	
pi0	-9.94434	-12.4013	190.757	
pi0	-0.000199601	0.000213534	64.7945	
pi0	14.8826	0.00979603	129.918	
pi-	16.4942	-1.39443	130.018	
pi-	18.0305	-2.19676	130.182	
pi-	19.2784	-2.77476	130.44	
pi-	20.1692	-3.21248	130.504	
pi-	20.86	-3.80339	130.624	
pi-	21.3493	-4.34319	130.795	
pi-	21.835	-4.70388	130.892	
pi-	22.1649	-5.0422	131.05	
pi-	22.3875	-5.24264	131.316	
pi-	22.5058	-5.38689	131.561	
pi-	22.59	-5.50627	131.753	
pi-	22.6939	-5.61635	131.837	
pi-	22.7273	-5.65537	131.871	
pi-	22.7285	-5.65503	131.871	
pi-	22.7285	-5.65507	131.871	
pi-	22.7285	-5.65507	131.871	
pi+	15.3985	2.24367	125.881	
pi+	15.6163	3.82338	122.671	
pi+	15.8077	4.18026	121.631	
pi+	16.3034	4.9005	119.112	
pi+	16.9093	5.0548	117.182	
pi+	17.4174	4.99667	115.623	
pi+	17.798	4.76183	114.387	
pi+	18.2171	4.72809	113.436	
pi+	18.4918	4.49878	112.702	
pi+	18.586	4.05652	112.259	
pi+	18.6461	3.67445	111.937	
pi+	18.6854	3.33184	111.748	
pi+	18.7117	3.15351	111.506	
pi+	18.7286	3.02982	111.297	
pi+	18.743	2.90391	111.171	
pi+	18.7553	2.83662	111.153	
pi+	18.7553	2.83645	111.153	
pi+	18.7553	2.83645	111.153	
pi+	18.7553	2.83645	111.153	
mu+	18.7536	2.95717	111.186	
mu+	18.7514	2.97817	111.196	
mu+	18.7513	2.97838	111.196	
mu+	18.7513	2.97838	111.196	
pi0	-0.000241967	0.000148305	64.7949	
pi-	6.3456	-1.58998	116.649	
pi-	-0.0894084	-3.75444	110.843	
pi0	-0.0893946	-3.75444	110.843	
pi-	7.15551	-1.59155	116.944	
pi0	7.1555	-1.59155	116.944	
pi+	-8.01186	1.63421	87.0624	
pi+	-8.25121	1.60187	86.777	
pi+	-9.8663	1.46646	83.6628	
pi+	-11.0095	1.08476	79.7818	
pi+	-11.949	0.331841	76.7428	
pi+	-13.0313	-0.171715	74.4828	
pi+	-14.064	-0.673106	72.7624	
pi+	-14.3865	-1.18678	71.1731	
pi+	-14.5236	-1.61524	69.8884	
pi+	-14.6376	-2.02743	68.9065	
pi+	-14.7709	-2.47937	68.182	
pi+	-14.8794	-2.89527	67.6328	
pi+	-14.9807	-3.17602	67.1538	
pi+	-15.1892	-3.32586	66.7805	
pi+	-15.374	-3.35831	66.4636	
pi+	-15.4882	-3.39393	66.2019	
pi+	-15.5822	-3.4331	66.0029	
pi+	-15.6935	-3.44752	65.9036	
pi+	-15.7031	-3.45396	65.884	
pi+	-15.7034	-3.45405	65.8833	
pi+	-15.7034	-3.45406	65.8833	
pi+	-15.7034	-3.45406	65.8833	
mu+	-15.7034	-3.34119	65.8973	
mu+	-15.702	-3.32707	65.9058	
mu+	-15.7019	-3.32701	65.9064	
mu+	-15.7019	-3.32701	65.9064	
pi+	8.38125	-1.58371	71.7786	
pi+	10.5875	-1.5179	73.0693	
pi+	10.1672	-2.60446	72.0749	
pi+	9.47997	-3.17711	71.2599	
pi+	8.99127	-3.68936	70.6387	
pi+	8.81731	-4.08841	70.0181	
pi+	8.71003	-4.49398	69.5739	
pi+	8.56124	-4.82763	69.2366	
pi+	8.37172	-5.13761	69.0825	
pi+	8.22753	-5.3893	68.9752	
pi+	8.14047	-5.6068	68.9594	
pi+	8.07143	-5.74896	68.8925	
pi+	8.0406	-5.77399	68.8553	
pi+	8.04017	-5.77452	68.8548	
pi+	8.04017	-5.77452	68.8548	
mu+	7.9473	-5.74669	68.7765	
mu+	7.94551	-5.73201	68.7673	
mu+	7.94552	-5.73186	68.767	
mu+	7.94552	-5.73186	68.767	
pi0	-0.000211019	0.000223389	64.7945	
pi0	-0.0002003	0.000211846	64.7945	
pi-	-4.49578	-0.427949	79.518	
pi-	-9.06641	-0.0394841	99.6835	
pi-	-14.993	-0.905516	131.505	
pi-	-21.977	-4.96368	166.924	
pi-	-23.7937	-5.80137	185.861	
pi-	-25	-6.09921	194.236	
pi-	-49.3111	-31.1751	573	
pi-	-49.1239	-32.2185	583	
pi-	-49.1239	-32.2185	583	
pi-	-49.1239	-32.2185	583	
pi-	216.163	-272.701	5224.73	
mu-	346.007	-5244.21	51133.9	
mu-	368.16	-9720.54	92711.1	
mu-	-232.84	-13717.6	131865	
mu-	-287.452	-17346.3	164228	
mu-	-215.858	-20612.8	189905	
mu-	77.0089	-23545.4	213100	
mu-	-94.0665	-26189.5	233412	
mu-	-441.255	-28559	252759	
mu-	-456.686	-30704	269536	
mu-	-270.014	-32632.9	285120	
mu-	-272.595	-34370.7	299576	
mu-	-252.479	-35934.8	312754	
mu-	-128.78	-37341.5	325388	
mu-	-263.979	-38804.6	337345	
mu-	-436.945	-39921.4	346110	
mu-	-608.635	-40925.9	353759	
mu-	-819.892	-41827.3	360421	
mu-	-1073.77	-42634.6	366682	
mu-	-1298.26	-43361.4	372492	
mu-	-1435.33	-44019.3	377917	
mu-	-3066.79	-49905.9	429889	
pi+	-12.6352	-12.8788	69.1221	
pi0	-12.6352	-12.8788	69.1221	
pi0	-2.51444e-05	-2.90651e-05	3.01458	
pi-	0.257413	3.67404	16.2672	
pi0	0.257417	3.67404	16.2672	
pi0	0.257412	3.67404	16.2672	
pi-	-15.6395	9.38188	29.8659	
pi-	-25	15.7753	47.4259	
pi-	-13336.7	-18493.4	39822.8	
mu-	-14462.6	-20473.8	43628.2	
mu-	-15704.5	-22648.4	47792.1	
mu-	-16822.4	-24605.5	51485.3	
mu-	-17825.6	-26368.8	54821.5	
mu-	-18734.6	-27951.7	57844.1	
mu-	-19555.2	-29374.7	60590.5	
mu-	-20293.3	-30655.8	63059.3	
mu-	-26971.6	-42101.4	85210.3	
pi0	7.27755e-05	7.76908e-05	3.01464	
pi0	2.15028e-06	4.98279e-06	3.01449	
