ParticleType,Energy
pi-,205.7
pi-,205.7
pi-,205.7
2pi-,204.441
2pi-,204.441
2pi-,204.441
pi-,550.171
pi-,550.171
2pi-,549.265
2pi-,549.265
pi-,1529.37
pi-,1529.37
2pi-,1528.49
2pi-,1528.49
pi+,36.6575
pi+,36.6575
pi+,36.6575
2mu+,5.84015
2mu+,5.84015
2mu+,5.84015
pi-,470.133
pi-,470.133
2pi-,468.734
2pi-,468.734
pi-,138.641
pi-,138.641
pi-,138.641
2pi-,137.279
2pi-,137.279
2pi-,137.279
pi-,334.477
pi-,334.477
2mu-,201.034
2mu-,201.034
2mu-,201.034
pi+,1695.54
pi+,1695.54
2pi+,1694.59
2pi+,1694.59
pi+,648.52
pi+,648.52
2mu+,532.048
2mu+,532.048
pi+,1424.42
pi+,1424.42
2pi+,1422.67
2pi+,1422.67
pi-,402.883
pi-,402.883
2mu-,353.846
2mu-,353.846
pi+,372.933
pi+,372.933
2pi+,371.982
2pi+,371.982
pi+,504.605
pi+,504.605
2pi+,502.266
2pi+,502.266
pi-,235.083
pi-,235.083
pi-,235.083
2mu-,257.838
2mu-,257.838
2mu-,257.838
pi+,154.38
pi+,154.38
pi+,154.38
2pi+,153.258
2pi+,153.258
2pi+,153.258
pi+,209.924
pi+,209.924
pi+,209.924
2pi+,205.425
2pi+,205.425
2pi+,205.425
pi-,1122.38
pi-,1122.38
2pi-,1121.55
2pi-,1121.55
pi-,537.493
pi-,537.493
2pi-,536.168
2pi-,536.168
pi+,783.312
pi+,783.312
2pi+,782.252
2pi+,782.252
pi+,398.912
pi+,398.912
2pi+,397.522
2pi+,397.522
mu+,29.1229
mu+,29.1229
mu+,29.1229
2mu+,26.2382
2mu+,26.2382
2mu+,26.2382
pi-,569.787
pi-,569.787
2pi-,568.17
2pi-,568.17
pi-,760.864
pi-,760.864
2pi-,759.897
2pi-,759.897
pi+,619.366
pi+,619.366
2pi+,617.794
2pi+,617.794
pi-,220.904
pi-,220.904
pi-,220.904
2mu-,215.727
2mu-,215.727
2mu-,215.727
pi-,292.321
pi-,292.321
pi-,292.321
2pi-,291.265
2pi-,291.265
2pi-,291.265
mu+,419.826
mu+,419.826
2mu+,418.389
2mu+,418.389
pi+,137.597
pi+,137.597
pi+,137.597
2mu+,96.7617
2mu+,96.7617
2mu+,96.7617
pi+,1098.31
pi+,1098.31
2pi+,1095.22
2pi+,1095.22
pi+,738.725
pi+,738.725
2pi+,736.838
2pi+,736.838
pi+,149.409
pi+,149.409
pi+,149.409
2pi+,148.288
2pi+,148.288
2pi+,148.288
pi-,505.425
pi-,505.425
2pi-,503.065
2pi-,503.065
pi-,198.22
pi-,198.22
pi-,198.22
2pi-,197.002
2pi-,197.002
2pi-,197.002
pi-,590.011
pi-,590.011
2pi-,589.04
2pi-,589.04
pi+,245.1
pi+,245.1
pi+,245.1
2pi+,243.883
2pi+,243.883
2pi+,243.883
pi-,303.183
pi-,303.183
pi-,303.183
2pi-,302.076
2pi-,302.076
2pi-,302.076
pi-,452.574
pi-,452.574
pi-,452.574
2mu-,473.87
2mu-,473.87
2mu-,473.87
pi+,288.712
pi+,288.712
pi+,288.712
2pi+,287.829
2pi+,287.829
2pi+,287.829
pi+,539.859
pi+,539.859
2pi+,538.887
2pi+,538.887
pi-,833.558
pi-,833.558
2pi-,832.344
2pi-,832.344
pi+,439.059
pi+,439.059
2pi+,438.048
2pi+,438.048
pi-,249.955
pi-,249.955
pi-,249.955
2pi-,244.717
2pi-,244.717
2pi-,244.717
pi-,120.502
pi-,120.502
pi-,120.502
pi-,649.178
pi-,649.178
2pi-,647.716
2pi-,647.716
pi-,294.279
pi-,294.279
2mu-,214.782
2mu-,214.782
2mu-,214.782
pi+,2062.83
pi+,2062.83
2pi+,2061.94
2pi+,2061.94
pi+,1066.6
pi+,1066.6
2pi+,1065.75
2pi+,1065.75
pi-,363.851
pi-,363.851
2pi-,362.821
2pi-,362.821
pi-,1595.52
pi-,1595.52
2pi-,1594.46
2pi-,1594.46
pi-,1830.5
pi-,1830.5
2pi-,1829.44
2pi-,1829.44
pi-,276.753
pi-,276.753
2mu-,206.902
2mu-,206.902
2mu-,206.902
pi-,395.796
pi-,395.796
2pi-,393.162
2pi-,393.162
pi+,260.2
pi+,260.2
2mu+,270.933
2mu+,270.933
pi-,225.628
pi-,225.628
pi-,225.628
2pi-,224.774
2pi-,224.774
2pi-,224.774
pi-,180.452
pi-,180.452
pi-,180.452
2pi-,179.33
2pi-,179.33
2pi-,179.33
pi-,882.073
pi-,882.073
2pi-,880.959
2pi-,880.959
pi-,401.672
pi-,401.672
2mu-,408.242
2mu-,408.242
pi+,161.664
pi+,161.664
pi+,161.664
2mu+,116.871
2mu+,116.871
2mu+,116.871
pi-,367.239
pi-,367.239
2mu-,309.27
2mu-,309.27
2mu-,309.27
pi+,516.9
pi+,516.9
2pi+,515.578
2pi+,515.578
pi-,463.056
pi-,463.056
2pi-,461.957
2pi-,461.957
pi+,240.992
pi+,240.992
pi+,240.992
2pi+,239.564
2pi+,239.564
pi+,194.309
pi+,194.309
pi+,194.309
2pi+,193.327
2pi+,193.327
2pi+,193.327
pi-,365.614
pi-,365.614
2mu-,329.347
2mu-,329.347
pi+,359.86
pi+,359.86
2pi+,358.527
2pi+,358.527
pi+,950.337
pi+,950.337
2pi+,948.915
2pi+,948.915
pi-,281.75
pi-,281.75
2pi-,280.494
2pi-,280.494
pi+,576.056
pi+,576.056
2pi+,574.891
2pi+,574.891
pi-,93.6579
pi-,93.6579
pi-,93.6579
2mu-,93.4613
2mu-,93.4613
2mu-,93.4613
pi+,303.344
pi+,303.344
2pi+,302.147
2pi+,302.147
pi+,82.1006
pi+,82.1006
pi+,82.1006
2mu+,51.676
2mu+,51.676
2mu+,51.676
pi-,342.16
pi-,342.16
2pi-,340.973
2pi-,340.973
pi-,359.633
pi-,359.633
2pi-,358.611
2pi-,358.611
2pi-,358.611
pi-,501.499
pi-,501.499
2mu-,473.248
2mu-,473.248
pi+,404.559
pi+,404.559
2pi+,403.283
2pi+,403.283
pi-,141.225
pi-,141.225
pi-,141.225
2pi-,139.613
2pi-,139.613
2pi-,139.613
mu-,206.014
mu-,206.014
mu-,206.014
2mu-,204.84
2mu-,204.84
2mu-,204.84
pi-,783.587
pi-,783.587
2pi-,779.96
2pi-,779.96
pi-,100.695
pi-,100.695
pi-,100.695
2mu-,51.2764
2mu-,51.2764
2mu-,51.2764
pi+,249.079
pi+,249.079
2pi+,246.024
2pi+,246.024
pi-,266.071
pi-,266.071
pi-,266.071
2pi-,265.176
2pi-,265.176
2pi-,265.176
pi+,66.2966
pi+,66.2966
pi+,66.2966
2mu+,64.6006
2mu+,64.6006
2mu+,64.6006
pi-,1088.1
pi-,1088.1
2pi-,1086.89
2pi-,1086.89
pi+,299.162
pi+,299.162
pi+,299.162
2pi+,298.309
2pi+,298.309
2pi+,298.309
pi-,280.965
pi-,280.965
2pi-,279.873
2pi-,279.873
pi+,506.455
pi+,506.455
2pi+,504.863
2pi+,504.863
pi+,518.564
pi+,518.564
2pi+,517.231
2pi+,517.231
mu-,62.4509
mu-,62.4509
mu-,62.4509
2mu-,49.5353
2mu-,49.5353
2mu-,49.5353
pi+,975.873
pi+,975.873
2pi+,974.31
2pi+,974.31
pi-,147.607
pi-,147.607
pi-,147.607
2mu-,143.184
2mu-,143.184
2mu-,143.184
pi+,348.129
pi+,348.129
2pi+,347.18
2pi+,347.18
pi+,778.143
pi+,778.143
2pi+,777.043
2pi+,777.043
pi+,1266.25
pi+,1266.25
2pi+,1262.92
2pi+,1262.92
pi-,149.036
pi-,149.036
pi-,149.036
2mu-,102.634
2mu-,102.634
2mu-,102.634
pi-,85.1355
pi-,85.1355
pi-,85.1355
2pi-,82.903
2pi-,82.903
2pi-,82.903
pi+,112.412
pi+,112.412
pi+,112.412
2pi+,111.146
2pi+,111.146
2pi+,111.146
pi+,37.9278
pi+,37.9278
pi+,37.9278
2mu+,49.9385
2mu+,49.9385
2mu+,49.9385
pi-,378.551
pi-,378.551
2pi-,377.454
2pi-,377.454
pi+,133.036
pi+,133.036
pi+,133.036
pi-,460.549
pi-,460.549
2mu-,421.842
2mu-,421.842
pi+,827.495
pi+,827.495
2pi+,826.283
2pi+,826.283
pi+,1346.37
pi+,1346.37
2pi+,1345.24
2pi+,1345.24
pi-,383.151
pi-,383.151
2pi-,381.883
2pi-,381.883
pi+,408.058
pi+,408.058
2pi+,407.043
2pi+,407.043
pi-,407.1
pi-,407.1
pi-,407.1
2pi-,406.241
2pi-,406.241
2pi-,406.241
pi-,172.894
pi-,172.894
pi-,172.894
2pi-,171.763
2pi-,171.763
2pi-,171.763
pi+,879.841
pi+,879.841
2pi+,878.933
2pi+,878.933
pi+,322.42
pi+,322.42
2pi+,321.173
2pi+,321.173
pi-,821.653
pi-,821.653
2pi-,820.51
2pi-,820.51
pi+,221.365
pi+,221.365
pi+,221.365
2pi+,220.055
2pi+,220.055
2pi+,220.055
pi-,172.663
pi-,172.663
pi-,172.663
2mu-,102.911
2mu-,102.911
2mu-,102.911
pi-,384.163
pi-,384.163
2pi-,383.068
2pi-,383.068
mu-,164.043
mu-,164.043
mu-,164.043
2mu-,161.401
2mu-,161.401
2mu-,161.401
pi+,455.778
pi+,455.778
2mu+,313.199
2mu+,313.199
pi+,142.677
pi+,142.677
pi+,142.677
2mu+,136.732
2mu+,136.732
2mu+,136.732
pi+,606.601
pi+,606.601
2mu+,604.996
2mu+,604.996
pi+,222.179
pi+,222.179
pi+,222.179
2pi+,221.022
2pi+,221.022
2pi+,221.022
pi-,199.578
pi-,199.578
pi-,199.578
2mu-,127.796
2mu-,127.796
2mu-,127.796
pi+,522.156
pi+,522.156
2pi+,521.181
2pi+,521.181
pi+,462.013
pi+,462.013
2pi+,460.656
2pi+,460.656
pi-,403.604
pi-,403.604
2pi-,402.106
2pi-,402.106
pi+,2544.41
pi+,2544.41
2pi+,2543.36
2pi+,2543.36
pi+,727.32
pi+,727.32
2pi+,726.372
2pi+,726.372
pi+,791.256
pi+,791.256
2pi+,789.978
2pi+,789.978
pi-,276.511
pi-,276.511
2mu-,235.858
2mu-,235.858
2mu-,235.858
pi+,433.51
pi+,433.51
2mu+,397.843
2mu+,397.843
pi-,255.679
pi-,255.679
2mu-,135.421
2mu-,135.421
2mu-,135.421
pi-,1102.6
pi-,1102.6
2pi-,1101.51
2pi-,1101.51
pi+,665.274
pi+,665.274
2pi+,664.046
2pi+,664.046
pi-,641.788
pi-,641.788
2pi-,640.454
2pi-,640.454
mu+,344.878
mu+,344.878
2mu+,338.891
2mu+,338.891
mu+,118.895
mu+,118.895
mu+,118.895
2mu+,109.96
2mu+,109.96
2mu+,109.96
pi-,742.678
pi-,742.678
2pi-,740.721
2pi-,740.721
pi+,261.746
pi+,261.746
pi+,261.746
2mu+,174.761
2mu+,174.761
2mu+,174.761
pi-,434.328
pi-,434.328
2pi-,433.089
2pi-,433.089
pi-,318.822
pi-,318.822
2pi-,317.539
2pi-,317.539
pi+,420.406
pi+,420.406
2pi+,418.786
2pi+,418.786
pi+,544.054
pi+,544.054
2pi+,542.918
2pi+,542.918
pi-,588.112
pi-,588.112
2pi-,587.134
2pi-,587.134
pi+,558.066
pi+,558.066
2pi+,556.718
2pi+,556.718
pi+,336.475
pi+,336.475
2pi+,335.333
2pi+,335.333
pi-,456.492
pi-,456.492
2pi-,455.253
2pi-,455.253
pi-,119.615
pi-,119.615
pi-,119.615
2mu-,93.7018
2mu-,93.7018
2mu-,93.7018
pi-,369.32
pi-,369.32
2pi-,368.193
2pi-,368.193
pi-,361.466
pi-,361.466
pi-,361.466
2mu-,198.931
2mu-,198.931
2mu-,198.931
pi+,657.062
pi+,657.062
2pi+,655.459
2pi+,655.459
pi-,864.491
pi-,864.491
2pi-,863.411
2pi-,863.411
pi-,757.022
pi-,757.022
2pi-,756.134
2pi-,756.134
pi-,274.739
pi-,274.739
pi-,274.739
2mu-,209.212
2mu-,209.212
2mu-,209.212
pi-,1011.71
pi-,1011.71
2pi-,1010.71
2pi-,1010.71
pi+,382.917
pi+,382.917
2pi+,381.513
2pi+,381.513
pi+,241.127
pi+,241.127
pi+,241.127
2pi+,239.789
2pi+,239.789
2pi+,239.789
pi+,358.871
pi+,358.871
2pi+,357.933
2pi+,357.933
pi+,354.003
pi+,354.003
2pi+,352.757
2pi+,352.757
pi+,847.214
pi+,847.214
2pi+,846.168
2pi+,846.168
pi-,522.264
pi-,522.264
2pi-,521.187
2pi-,521.187
pi-,395.796
pi-,395.796
2pi-,394.743
2pi-,394.743
pi+,214.91
pi+,214.91
pi+,214.91
2pi+,213.617
2pi+,213.617
2pi+,213.617
pi-,303.748
pi-,303.748
pi-,303.748
2pi-,302.743
2pi-,302.743
2pi-,302.743
pi-,199.279
pi-,199.279
pi-,199.279
2mu-,223.298
2mu-,223.298
2mu-,223.298
pi-,567.188
pi-,567.188
pi-,567.188
2pi-,565.757
2pi-,565.757
2pi-,565.757
pi+,941.52
pi+,941.52
2pi+,939.612
2pi+,939.612
pi+,886.971
pi+,886.971
2pi+,886.011
2pi+,886.011
pi-,342.978
pi-,342.978
2pi-,341.941
2pi-,341.941
pi-,35.0696
pi-,35.0696
pi-,35.0696
2pi-,31.4265
2pi-,31.4265
2pi-,31.4265
pi-,230.457
pi-,230.457
2mu-,147.815
2mu-,147.815
2mu-,147.815
pi-,751.51
pi-,751.51
2pi-,750.621
2pi-,750.621
pi+,233.844
pi+,233.844
2pi+,225.493
2pi+,225.493
pi+,304.491
pi+,304.491
pi+,304.491
2pi+,303.13
2pi+,303.13
2pi+,303.13
pi+,972.224
pi+,972.224
2pi+,970.471
2pi+,970.471
pi-,1188.66
pi-,1188.66
2pi-,1187.77
2pi-,1187.77
pi-,214.573
pi-,214.573
pi-,214.573
2mu-,184.055
2mu-,184.055
2mu-,184.055
pi-,633.729
pi-,633.729
2pi-,632.69
2pi-,632.69
pi+,235.807
pi+,235.807
pi+,235.807
2pi+,234.739
2pi+,234.739
2pi+,234.739
pi-,662.866
pi-,662.866
2pi-,661.656
2pi-,661.656
pi-,782.532
pi-,782.532
2mu-,628.974
2mu-,628.974
pi+,569.453
pi+,569.453
pi+,569.453
2pi+,568.618
2pi+,568.618
2pi+,568.618
pi+,787.955
pi+,787.955
2pi+,787.077
2pi+,787.077
pi-,197.285
pi-,197.285
pi-,197.285
2mu-,139.987
2mu-,139.987
2mu-,139.987
pi-,786.032
pi-,786.032
2pi-,785.135
2pi-,785.135
pi+,283.555
pi+,283.555
2pi+,282.094
2pi+,282.094
pi-,285.793
pi-,285.793
pi-,285.793
2pi-,284.507
2pi-,284.507
2pi-,284.507
pi+,273.514
pi+,273.514
2pi+,272.08
2pi+,272.08
pi-,683.757
pi-,683.757
2pi-,682.546
2pi-,682.546
pi+,561.946
pi+,561.946
2pi+,560.76
2pi+,560.76
pi-,477.271
pi-,477.271
2pi-,475.209
2pi-,475.209
pi+,392.645
pi+,392.645
pi+,392.645
2pi+,391.636
2pi+,391.636
2pi+,391.636
pi+,350.944
pi+,350.944
2pi+,349.823
2pi+,349.823
pi+,110.148
pi+,110.148
pi+,110.148
2pi+,108.284
2pi+,108.284
2pi+,108.284
pi-,439.17
pi-,439.17
2pi-,436.898
2pi-,436.898
pi+,256.241
pi+,256.241
2pi+,253.128
2pi+,253.128
pi+,1250.37
pi+,1250.37
2pi+,1249.46
2pi+,1249.46
pi-,586.486
pi-,586.486
2pi-,585.128
2pi-,585.128
pi-,629.207
pi-,629.207
2pi-,627.381
2pi-,627.381
pi+,838.967
pi+,838.967
2pi+,837.986
2pi+,837.986
pi+,740.511
pi+,740.511
2pi+,739.575
2pi+,739.575
pi+,427.429
pi+,427.429
2pi+,425.547
2pi+,425.547
pi-,499.142
pi-,499.142
2pi-,498.271
2pi-,498.271
pi+,253.471
pi+,253.471
2mu+,188.604
2mu+,188.604
2mu+,188.604
pi+,314.504
pi+,314.504
2pi+,312.443
2pi+,312.443
pi+,353.839
pi+,353.839
2pi+,352.483
2pi+,352.483
pi-,407.175
pi-,407.175
2pi-,405.959
2pi-,405.959
pi-,445.24
pi-,445.24
2pi-,442.768
2pi-,442.768
pi-,430.966
pi-,430.966
2pi-,429.507
2pi-,429.507
pi+,281.591
pi+,281.591
2pi+,280.407
2pi+,280.407
pi-,362.716
pi-,362.716
2pi-,361.652
2pi-,361.652
pi-,289.036
pi-,289.036
2pi-,287.76
2pi-,287.76
pi-,366.306
pi-,366.306
pi-,366.306
2pi-,365.04
2pi-,365.04
2pi-,365.04
pi+,111.817
pi+,111.817
pi+,111.817
2mu+,97.9227
2mu+,97.9227
2mu+,97.9227
pi-,396.814
pi-,396.814
2mu-,227.591
2mu-,227.591
2mu-,227.591
pi-,828.672
pi-,828.672
2pi-,827.755
2pi-,827.755
pi-,1819.73
pi-,1819.73
2pi-,1818.7
2pi-,1818.7
pi-,281.561
pi-,281.561
pi-,281.561
2pi-,280.656
2pi-,280.656
2pi-,280.656
pi-,392.619
pi-,392.619
2pi-,391.49
2pi-,391.49
pi+,744.96
pi+,744.96
2mu+,511.506
2mu+,511.506
pi-,397.345
pi-,397.345
2pi-,396.046
2pi-,396.046
pi+,485.06
pi+,485.06
2mu+,280.84
2mu+,280.84
2mu+,280.84
pi+,367.508
pi+,367.508
2mu+,258.251
2mu+,258.251
pi-,414.539
pi-,414.539
2mu-,290.946
2mu-,290.946
2mu-,290.946
pi-,368.085
pi-,368.085
2pi-,367.098
2pi-,367.098
pi+,725.355
pi+,725.355
2pi+,724.446
2pi+,724.446
pi-,102.128
pi-,102.128
pi-,102.128
2mu-,101.292
2mu-,101.292
2mu-,101.292
mu-,206.456
mu-,206.456
2mu-,204.468
2mu-,204.468
pi+,215.291
pi+,215.291
pi+,215.291
2mu+,148.404
2mu+,148.404
2mu+,148.404
pi+,337.523
pi+,337.523
2pi+,335.664
2pi+,335.664
pi+,467.587
pi+,467.587
2pi+,466.685
2pi+,466.685
pi-,997.828
pi-,997.828
2pi-,996.914
2pi-,996.914
pi+,368.083
pi+,368.083
2pi+,366.929
2pi+,366.929
pi+,1030.75
pi+,1030.75
2pi+,1029.73
2pi+,1029.73
pi+,389.008
pi+,389.008
2pi+,387.633
2pi+,387.633
pi-,582.389
pi-,582.389
2pi-,581.472
2pi-,581.472
pi-,716.449
pi-,716.449
2pi-,715.483
2pi-,715.483
pi+,720.954
pi+,720.954
2mu+,685.92
2mu+,685.92
pi-,1632.79
pi-,1632.79
2pi-,1631.56
2pi-,1631.56
pi-,509.461
pi-,509.461
2pi-,504.443
2pi-,504.443
pi+,341.475
pi+,341.475
2pi+,340.415
2pi+,340.415
pi+,253.644
pi+,253.644
pi+,253.644
2pi+,252.667
2pi+,252.667
2pi+,252.667
pi+,998.528
pi+,998.528
2pi+,997.576
2pi+,997.576
pi-,927.616
pi-,927.616
2pi-,926.584
2pi-,926.584
pi+,301.842
pi+,301.842
2pi+,300.657
2pi+,300.657
pi+,184.891
pi+,184.891
pi+,184.891
2pi+,183.603
2pi+,183.603
2pi+,183.603
pi+,180.278
pi+,180.278
pi+,180.278
2pi+,178.577
2pi+,178.577
2pi+,178.577
pi+,643.786
pi+,643.786
2pi+,642.706
2pi+,642.706
pi-,493.401
pi-,493.401
2pi-,491.982
2pi-,491.982
pi+,225.054
pi+,225.054
2mu+,145.398
2mu+,145.398
2mu+,145.398
pi-,424.868
pi-,424.868
2mu-,385.512
2mu-,385.512
pi+,420.885
pi+,420.885
2pi+,419.725
2pi+,419.725
pi+,49.7665
pi+,49.7665
pi+,49.7665
2pi+,47.5072
2pi+,47.5072
2pi+,47.5072
pi-,578.408
pi-,578.408
2pi-,577.21
2pi-,577.21
pi-,636.242
pi-,636.242
2pi-,635.308
2pi-,635.308
pi-,383.509
pi-,383.509
2pi-,381.081
2pi-,381.081
pi+,237.376
pi+,237.376
2mu+,120.078
2mu+,120.078
2mu+,120.078
pi-,152.524
pi-,152.524
pi-,152.524
2pi-,151.025
2pi-,151.025
2pi-,151.025
pi+,378.637
pi+,378.637
2pi+,377.237
2pi+,377.237
pi+,354.504
pi+,354.504
2pi+,349.702
2pi+,349.702
mu-,214.642
mu-,214.642
mu-,214.642
2mu-,213.495
2mu-,213.495
2mu-,213.495
pi-,300.624
pi-,300.624
2pi-,298.936
2pi-,298.936
pi+,205.336
pi+,205.336
pi+,205.336
2pi+,204.399
2pi+,204.399
2pi+,204.399
pi-,1789.13
pi-,1789.13
2pi-,1788.15
2pi-,1788.15
pi-,260.363
pi-,260.363
pi-,260.363
2pi-,259.16
2pi-,259.16
2pi-,259.16
pi+,659.624
pi+,659.624
2pi+,658.721
2pi+,658.721
pi-,335.627
pi-,335.627
2pi-,333.791
2pi-,333.791
mu-,202.07
mu-,202.07
2mu-,199.25
2mu-,199.25
pi+,273.994
pi+,273.994
2pi+,272.921
2pi+,272.921
pi+,1155.14
pi+,1155.14
2pi+,1154.21
2pi+,1154.21
pi-,249.507
pi-,249.507
2pi-,245.219
2pi-,245.219
pi-,520.584
pi-,520.584
2mu-,458.672
2mu-,458.672
pi+,476.719
pi+,476.719
2mu+,462.419
2mu+,462.419
pi-,396.145
pi-,396.145
2pi-,394.821
2pi-,394.821
pi-,74.5987
pi-,74.5987
pi-,74.5987
2mu-,40.4581
2mu-,40.4581
2mu-,40.4581
pi+,278.46
pi+,278.46
2pi+,276.945
2pi+,276.945
pi-,138.301
pi-,138.301
pi-,138.301
2pi-,137.144
2pi-,137.144
2pi-,137.144
pi-,1153.68
pi-,1153.68
2pi-,1152.44
2pi-,1152.44
pi-,342.84
pi-,342.84
2pi-,341.088
2pi-,341.088
pi+,340.058
pi+,340.058
pi+,340.058
2pi+,339.095
2pi+,339.095
2pi+,339.095
pi+,407.125
pi+,407.125
2pi+,406.144
2pi+,406.144
pi-,1502.23
pi-,1502.23
2pi-,1501.13
2pi-,1501.13
pi-,218.228
pi-,218.228
2pi-,216.634
2pi-,216.634
pi-,858.529
pi-,858.529
2pi-,857.485
2pi-,857.485
pi+,1393.76
pi+,1393.76
2pi+,1392.26
2pi+,1392.26
pi+,345.213
pi+,345.213
2pi+,344.296
2pi+,344.296
pi-,507.124
pi-,507.124
2pi-,505.841
2pi-,505.841
pi+,182.561
pi+,182.561
pi+,182.561
2pi+,181.654
2pi+,181.654
2pi+,181.654
pi-,1500.14
pi-,1500.14
2pi-,1499.21
2pi-,1499.21
pi+,374.229
pi+,374.229
2mu+,394.576
2mu+,394.576
mu+,414.8
mu+,414.8
2mu+,412.737
2mu+,412.737
pi-,566.271
pi-,566.271
2pi-,564.914
2pi-,564.914
pi-,476.685
pi-,476.685
2mu-,336.482
2mu-,336.482
pi-,405.077
pi-,405.077
2pi-,403.004
2pi-,403.004
pi+,605.041
pi+,605.041
2pi+,603.723
2pi+,603.723
pi+,173.772
pi+,173.772
pi+,173.772
2mu+,102.779
2mu+,102.779
2mu+,102.779
pi+,325.568
pi+,325.568
2mu+,212.318
2mu+,212.318
2mu+,212.318
pi-,401.703
pi-,401.703
2pi-,400.178
2pi-,400.178
pi-,196.044
pi-,196.044
pi-,196.044
2pi-,194.662
2pi-,194.662
2pi-,194.662
pi+,169.361
pi+,169.361
pi+,169.361
2mu+,175.725
2mu+,175.725
2mu+,175.725
pi-,343.371
pi-,343.371
2pi-,340.318
2pi-,340.318
mu-,360.971
mu-,360.971
2mu-,359.539
2mu-,359.539
pi-,202.554
pi-,202.554
pi-,202.554
2pi-,201.526
2pi-,201.526
2pi-,201.526
pi+,451.172
pi+,451.172
2pi+,449.815
2pi+,449.815
pi+,360.476
pi+,360.476
2pi+,359.186
2pi+,359.186
pi-,299.917
pi-,299.917
2pi-,298.654
2pi-,298.654
pi-,496.46
pi-,496.46
2pi-,495.465
2pi-,495.465
pi-,798.926
pi-,798.926
2mu-,517.764
2mu-,517.764
pi+,278.152
pi+,278.152
2mu+,182.667
2mu+,182.667
2mu+,182.667
mu-,1172.96
mu-,1172.96
2mu-,1171.63
2mu-,1171.63
pi-,394.805
pi-,394.805
2pi-,393.506
2pi-,393.506
pi-,339.963
pi-,339.963
2pi-,338.639
2pi-,338.639
pi+,427.094
pi+,427.094
2pi+,425.926
2pi+,425.926
pi-,990.859
pi-,990.859
2pi-,989.964
2pi-,989.964
pi-,265.312
pi-,265.312
2pi-,263.681
2pi-,263.681
pi-,812.678
pi-,812.678
2pi-,811.828
2pi-,811.828
pi+,617.058
pi+,617.058
2pi+,616.226
2pi+,616.226
2pi-,64.6838
2pi-,64.6838
2pi-,64.6838
mu-,25.9835
mu-,25.9835
mu-,25.9835
pi-,935.978
pi-,935.978
2pi-,934.975
2pi-,934.975
pi+,702.114
pi+,702.114
2pi+,700.91
2pi+,700.91
pi-,191.591
pi-,191.591
pi-,191.591
2pi-,190.468
2pi-,190.468
2pi-,190.468
pi+,471.168
pi+,471.168
2pi+,469.639
2pi+,469.639
pi-,295.925
pi-,295.925
2mu-,202.124
2mu-,202.124
2mu-,202.124
pi-,565.297
pi-,565.297
2pi-,564.338
2pi-,564.338
pi-,215.266
pi-,215.266
pi-,215.266
2pi-,214.094
2pi-,214.094
2pi-,214.094
pi-,258.074
pi-,258.074
pi-,258.074
2mu-,132.947
2mu-,132.947
2mu-,132.947
pi-,578.009
pi-,578.009
2pi-,577.122
2pi-,577.122
pi-,1497.56
pi-,1497.56
2pi-,1496.49
2pi-,1496.49
pi-,759.87
pi-,759.87
2pi-,758.913
2pi-,758.913
pi+,378.905
pi+,378.905
2mu+,219.781
2mu+,219.781
2mu+,219.781
pi-,380.771
pi-,380.771
2pi-,379.824
2pi-,379.824
pi+,798.373
pi+,798.373
2pi+,797.218
2pi+,797.218
pi+,300.507
pi+,300.507
2pi+,299.35
2pi+,299.35
pi-,391.062
pi-,391.062
2pi-,390.043
2pi-,390.043
pi-,734.035
pi-,734.035
2pi-,733.1
2pi-,733.1
pi+,416.469
pi+,416.469
2pi+,415.512
2pi+,415.512
pi+,311.307
pi+,311.307
pi+,311.307
2pi+,310.078
2pi+,310.078
2pi+,310.078
pi+,448.198
pi+,448.198
2pi+,447.102
2pi+,447.102
pi+,915.594
pi+,915.594
2pi+,914.477
2pi+,914.477
pi-,265.654
pi-,265.654
pi-,265.654
2pi-,264.734
2pi-,264.734
2pi-,264.734
pi-,103.679
pi-,103.679
pi-,103.679
2pi-,101.622
2pi-,101.622
2pi-,101.622
pi+,348.723
pi+,348.723
2pi+,347.412
2pi+,347.412
pi+,810.834
pi+,810.834
2pi+,809.57
2pi+,809.57
pi+,469.406
pi+,469.406
2pi+,467.711
2pi+,467.711
pi-,367.374
pi-,367.374
2pi-,365.818
2pi-,365.818
pi+,1580.06
pi+,1580.06
2pi+,1578.87
2pi+,1578.87
pi-,297.859
pi-,297.859
2pi-,296.49
2pi-,296.49
mu-,16.6492
mu-,16.6492
mu-,16.6492
pi+,588.929
pi+,588.929
2pi+,587.453
2pi+,587.453
pi-,574.986
pi-,574.986
pi-,253.778
pi-,253.778
pi-,253.778
2mu-,159.45
2mu-,159.45
2mu-,159.45
pi-,278.52
pi-,278.52
2pi-,277.16
2pi-,277.16
pi-,289.162
pi-,289.162
pi-,289.162
2mu-,178.002
2mu-,178.002
2mu-,178.002
pi+,520.326
pi+,520.326
2mu+,359.791
2mu+,359.791
mu-,200.299
mu-,200.299
mu-,200.299
2mu-,198.984
2mu-,198.984
2mu-,198.984
pi+,678.652
pi+,678.652
2pi+,677.232
2pi+,677.232
pi-,531.614
pi-,531.614
2pi-,530.696
2pi-,530.696
pi+,233.806
pi+,233.806
pi+,233.806
2pi+,232.711
2pi+,232.711
2pi+,232.711
pi-,1580.91
pi-,1580.91
2pi-,1579.8
2pi-,1579.8
pi-,372.169
pi-,372.169
2pi-,370.792
2pi-,370.792
pi-,90.8948
pi-,90.8948
pi-,90.8948
2mu-,47.3229
2mu-,47.3229
2mu-,47.3229
pi+,170.452
pi+,170.452
pi+,170.452
2mu+,146.789
2mu+,146.789
2mu+,146.789
pi-,76.3643
pi-,76.3643
pi-,76.3643
2mu-,49.4061
2mu-,49.4061
2mu-,49.4061
pi+,340.942
pi+,340.942
2pi+,339.794
2pi+,339.794
pi-,591.573
pi-,591.573
2pi-,590.666
2pi-,590.666
pi+,239.572
pi+,239.572
pi+,239.572
2pi+,238.349
2pi+,238.349
2pi+,238.349
pi-,323.448
pi-,323.448
2pi-,321.872
2pi-,321.872
pi+,252.123
pi+,252.123
pi+,252.123
2pi+,251.192
2pi+,251.192
2pi+,251.192
pi+,919.773
pi+,919.773
2pi+,918.407
2pi+,918.407
pi+,781.304
pi+,781.304
2pi+,780.126
2pi+,780.126
pi-,775.253
pi-,775.253
2pi-,774.235
2pi-,774.235
pi-,442.129
pi-,442.129
2pi-,441.227
2pi-,441.227
pi-,234.273
pi-,234.273
2pi-,230.165
2pi-,230.165
pi+,425.383
pi+,425.383
2pi+,424.448
2pi+,424.448
pi-,272.214
pi-,272.214
2pi-,270.869
2pi-,270.869
pi-,407.59
pi-,407.59
2mu-,424.493
2mu-,424.493
pi+,384.312
pi+,384.312
2pi+,383.266
2pi+,383.266
pi-,337.163
pi-,337.163
pi-,337.163
2pi-,336.319
2pi-,336.319
2pi-,336.319
pi-,382.276
pi-,382.276
2pi-,381.174
2pi-,381.174
pi+,429.988
pi+,429.988
2pi+,428.885
2pi+,428.885
pi-,1091.66
pi-,1091.66
2pi-,1090.72
2pi-,1090.72
pi+,191.544
pi+,191.544
pi+,191.544
2pi+,190.537
2pi+,190.537
2pi+,190.537
mu+,164.704
mu+,164.704
mu+,164.704
2mu+,163.782
2mu+,163.782
2mu+,163.782
pi-,700.891
pi-,700.891
2pi-,699.782
2pi-,699.782
pi-,672.272
pi-,672.272
2pi-,671.137
2pi-,671.137
pi-,683.24
pi-,683.24
2pi-,682.322
2pi-,682.322
pi-,693.571
pi-,693.571
2pi-,692.566
2pi-,692.566
mu+,346.003
mu+,346.003
2mu+,341.293
2mu+,341.293
pi+,1428.29
pi+,1428.29
2pi+,1427.43
2pi+,1427.43
2mu+,57.8691
2mu+,57.8691
2mu+,57.8691
pi-,922.712
pi-,922.712
2pi-,921.804
2pi-,921.804
pi-,240.611
pi-,240.611
2mu-,129.487
2mu-,129.487
2mu-,129.487
pi+,427.926
pi+,427.926
pi+,427.926
2pi+,426.948
2pi+,426.948
2pi+,426.948
pi+,833.547
pi+,833.547
2pi+,832.396
2pi+,832.396
pi-,490.218
pi-,490.218
2mu-,480.738
2mu-,480.738
mu+,195.605
mu+,195.605
mu+,195.605
2mu+,194.432
2mu+,194.432
2mu+,194.432
pi+,291.815
pi+,291.815
pi+,291.815
2pi+,290.715
2pi+,290.715
2pi+,290.715
pi-,786.101
pi-,786.101
2pi-,774.066
2pi-,774.066
pi+,597.823
pi+,597.823
2pi+,596.763
2pi+,596.763
pi+,435.414
pi+,435.414
pi+,435.414
2pi+,434.478
2pi+,434.478
2pi+,434.478
pi-,360.408
pi-,360.408
2mu-,237.151
2mu-,237.151
2mu-,237.151
pi+,410.229
pi+,410.229
2pi+,409.129
2pi+,409.129
pi-,192.803
pi-,192.803
pi-,192.803
2pi-,191.028
2pi-,191.028
2pi-,191.028
pi-,571.283
pi-,571.283
2pi-,569.982
2pi-,569.982
pi+,310.766
pi+,310.766
pi+,310.766
2pi+,309.618
2pi+,309.618
2pi+,309.618
pi+,400.911
pi+,400.911
2pi+,399.783
2pi+,399.783
pi+,204.513
pi+,204.513
pi+,204.513
2pi+,203.406
2pi+,203.406
2pi+,203.406
pi-,305.878
pi-,305.878
2pi-,304.356
2pi-,304.356
pi-,484.572
pi-,484.572
2mu-,288.339
2mu-,288.339
2mu-,288.339
pi+,313.547
pi+,313.547
pi+,313.547
2pi+,312.597
2pi+,312.597
mu+,186.982
mu+,186.982
mu+,186.982
2mu+,185.94
2mu+,185.94
2mu+,185.94
pi-,259.993
pi-,259.993
pi-,259.993
2mu-,139.937
2mu-,139.937
2mu-,139.937
pi-,201.927
pi-,201.927
pi-,201.927
2mu-,101.549
2mu-,101.549
2mu-,101.549
pi+,861.399
pi+,861.399
2pi+,859.893
2pi+,859.893
pi+,201.294
pi+,201.294
pi+,201.294
2pi+,200.144
2pi+,200.144
2pi+,200.144
pi-,191.432
pi-,191.432
pi-,191.432
2mu-,118
2mu-,118
2mu-,118
pi-,565.804
pi-,565.804
2pi-,564.624
2pi-,564.624
pi-,364.187
pi-,364.187
2pi-,363.342
2pi-,363.342
pi-,276.688
pi-,276.688
2mu-,191.579
2mu-,191.579
2mu-,191.579
pi+,421.28
pi+,421.28
2pi+,420.029
2pi+,420.029
pi+,547.154
pi+,547.154
2pi+,545.997
2pi+,545.997
pi+,545.382
pi+,545.382
2pi+,544.155
2pi+,544.155
pi+,264.761
pi+,264.761
2pi+,261.313
2pi+,261.313
pi+,239.146
pi+,239.146
2pi+,237.631
2pi+,237.631
pi+,1738
pi+,1738
2pi+,1736.42
2pi+,1736.42
pi-,757.414
pi-,757.414
2pi-,756.465
2pi-,756.465
mu+,330.326
mu+,330.326
mu+,330.326
2mu+,329.364
2mu+,329.364
2mu+,329.364
pi-,158.903
pi-,158.903
pi-,158.903
2mu-,106.437
2mu-,106.437
2mu-,106.437
pi-,634.085
pi-,634.085
2pi-,633.167
2pi-,633.167
2mu+,448.777
2mu+,448.777
pi-,273.672
pi-,273.672
2mu-,294.609
2mu-,294.609
pi-,239.676
pi-,239.676
pi-,239.676
2pi-,238.242
2pi-,238.242
2pi-,238.242
pi-,508.857
pi-,508.857
2pi-,507.895
2pi-,507.895
pi-,273.858
pi-,273.858
pi-,273.858
2pi-,272.919
2pi-,272.919
2pi-,272.919
pi-,705.71
pi-,705.71
2pi-,704.796
2pi-,704.796
pi-,1392.84
pi-,1392.84
2pi-,1391.55
2pi-,1391.55
pi-,223.117
pi-,223.117
pi-,223.117
2mu-,239.565
2mu-,239.565
2mu-,239.565
pi+,403.885
pi+,403.885
2pi+,402.587
2pi+,402.587
pi-,678.179
pi-,678.179
2pi-,677.078
2pi-,677.078
pi+,451.261
pi+,451.261
2pi+,450.097
2pi+,450.097
pi-,322.866
pi-,322.866
2pi-,321.886
2pi-,321.886
pi-,308.026
pi-,308.026
2mu-,162.787
2mu-,162.787
2mu-,162.787
pi+,336.099
pi+,336.099
2mu+,234.349
2mu+,234.349
2mu+,234.349
pi-,323.394
pi-,323.394
2mu-,337.964
2mu-,337.964
pi+,759.479
pi+,759.479
2pi+,758.64
2pi+,758.64
pi-,287.951
pi-,287.951
pi-,287.951
2pi-,287.007
2pi-,287.007
2pi-,287.007
pi-,695.64
pi-,695.64
2pi-,693.83
2pi-,693.83
pi+,235.884
pi+,235.884
2mu+,140.584
2mu+,140.584
2mu+,140.584
pi+,359.762
pi+,359.762
2pi+,358.66
2pi+,358.66
2mu+,273.958
2mu+,273.958
2mu+,273.958
pi+,410.249
pi+,410.249
2pi+,409.278
2pi+,409.278
pi-,278.402
pi-,278.402
2pi-,277.088
2pi-,277.088
pi-,549.133
pi-,549.133
2pi-,548.144
2pi-,548.144
pi+,1015.24
pi+,1015.24
2pi+,1014.28
2pi+,1014.28
pi-,18.2548
pi-,18.2548
pi-,18.2548
2pi-,14.3527
2pi-,14.3527
2pi-,14.3527
pi-,233.098
pi-,233.098
pi-,233.098
2pi-,231.646
2pi-,231.646
2pi-,231.646
pi-,355.395
pi-,355.395
2pi-,354.096
2pi-,354.096
pi+,594.985
pi+,594.985
2pi+,591.906
2pi+,591.906
pi+,390.21
pi+,390.21
2pi+,389.16
2pi+,389.16
pi-,369.456
pi-,369.456
2pi-,367.951
2pi-,367.951
pi+,970.355
pi+,970.355
2pi+,969.457
2pi+,969.457
pi-,971.065
pi-,971.065
2pi-,969.836
2pi-,969.836
pi-,242.805
pi-,242.805
pi-,242.805
2pi-,241.429
2pi-,241.429
2pi-,241.429
pi-,589.988
pi-,589.988
2mu-,492.76
2mu-,492.76
2mu-,492.76
pi-,841.86
pi-,841.86
2pi-,840.677
2pi-,840.677
pi+,1250.79
pi+,1250.79
2pi+,1249.77
2pi+,1249.77
pi-,525.979
pi-,525.979
2mu-,343.458
2mu-,343.458
pi-,308.922
pi-,308.922
pi-,308.922
2pi-,307.776
2pi-,307.776
2pi-,307.776
mu+,87.8534
mu+,87.8534
mu+,87.8534
2mu+,85.2937
2mu+,85.2937
2mu+,85.2937
pi+,337.257
pi+,337.257
2pi+,335.912
2pi+,335.912
pi+,58.6631
pi+,58.6631
pi+,58.6631
2pi+,55.0552
2pi+,55.0552
2pi+,55.0552
pi-,204.723
pi-,204.723
pi-,204.723
2pi-,203.346
2pi-,203.346
2pi-,203.346
mu+,254.261
mu+,254.261
mu+,254.261
2mu+,251.321
2mu+,251.321
2mu+,251.321
pi+,716.991
pi+,716.991
2pi+,715.919
2pi+,715.919
pi-,434.148
pi-,434.148
2pi-,431.709
2pi-,431.709
pi+,462.184
pi+,462.184
2pi+,461.156
2pi+,461.156
pi+,310.763
pi+,310.763
pi+,310.763
2pi+,309.81
2pi+,309.81
2pi+,309.81
pi+,527.3
pi+,527.3
2pi+,526.376
2pi+,526.376
pi-,257.12
pi-,257.12
pi-,257.12
2pi-,254.969
2pi-,254.969
pi+,848.007
pi+,848.007
2pi+,846.62
2pi+,846.62
pi+,488.909
pi+,488.909
2pi+,487.207
2pi+,487.207
pi-,292.798
pi-,292.798
pi-,292.798
2pi-,291.836
2pi-,291.836
2pi-,291.836
pi-,345.623
pi-,345.623
2pi-,344.114
2pi-,344.114
pi-,1353.54
pi-,1353.54
2pi-,1352.67
2pi-,1352.67
pi+,330.829
pi+,330.829
2mu+,301.018
2mu+,301.018
pi+,722.401
pi+,722.401
2pi+,721.405
2pi+,721.405
pi-,733.085
pi-,733.085
2pi-,732.035
2pi-,732.035
pi+,496.939
pi+,496.939
2mu+,482.285
2mu+,482.285
pi-,1139.05
pi-,1139.05
2pi-,1138.17
2pi-,1138.17
pi-,411.956
pi-,411.956
2pi-,410.848
2pi-,410.848
pi+,69.7906
pi+,69.7906
pi+,69.7906
2mu+,27.3539
2mu+,27.3539
2mu+,27.3539
pi-,1587.61
pi-,1587.61
2pi-,1586.67
2pi-,1586.67
pi-,187.158
pi-,187.158
pi-,187.158
2pi-,185.728
2pi-,185.728
2pi-,185.728
pi+,906.521
pi+,906.521
2pi+,905.274
2pi+,905.274
pi-,423.662
pi-,423.662
2pi-,421.902
2pi-,421.902
mu+,103.732
mu+,103.732
mu+,103.732
2mu+,100.489
2mu+,100.489
2mu+,100.489
pi-,243.8
pi-,243.8
pi-,243.8
2pi-,242.594
2pi-,242.594
2pi-,242.594
pi+,63.4047
pi+,63.4047
pi+,63.4047
2mu+,26.9272
2mu+,26.9272
2mu+,26.9272
pi-,189.188
pi-,189.188
pi-,189.188
2pi-,188.092
2pi-,188.092
2pi-,188.092
pi-,510.101
pi-,510.101
2pi-,508.827
2pi-,508.827
pi+,502.547
pi+,502.547
2pi+,501.59
2pi+,501.59
pi-,949.447
pi-,949.447
mu+,168.488
mu+,168.488
mu+,168.488
2mu+,166.837
2mu+,166.837
2mu+,166.837
mu+,429.48
mu+,429.48
2mu+,427.545
2mu+,427.545
pi+,827.205
pi+,827.205
2pi+,825.812
2pi+,825.812
pi-,120.119
pi-,120.119
pi-,120.119
2pi-,118.819
2pi-,118.819
2pi-,118.819
pi+,525.367
pi+,525.367
2pi+,523.968
2pi+,523.968
pi-,258.008
pi-,258.008
2pi-,256.422
2pi-,256.422
pi-,1309.83
pi-,1309.83
2pi-,1308.88
2pi-,1308.88
pi+,186.455
pi+,186.455
pi+,186.455
2pi+,185.063
2pi+,185.063
2pi+,185.063
pi+,330.557
pi+,330.557
pi+,330.557
2pi+,329.691
2pi+,329.691
2pi+,329.691
pi-,297.167
pi-,297.167
2pi-,295.31
2pi-,295.31
pi+,577.159
pi+,577.159
2pi+,576.157
2pi+,576.157
pi+,1150.49
pi+,1150.49
2pi+,1149.05
2pi+,1149.05
pi-,215.338
pi-,215.338
pi-,215.338
2mu-,117.478
2mu-,117.478
2mu-,117.478
pi-,284.913
pi-,284.913
pi-,284.913
2pi-,283.863
2pi-,283.863
2pi-,283.863
pi-,178.237
pi-,178.237
pi-,178.237
2pi-,177.298
2pi-,177.298
2pi-,177.298
pi+,837.209
pi+,837.209
2pi+,836.153
2pi+,836.153
pi+,337.153
pi+,337.153
pi+,337.153
2pi+,336.064
2pi+,336.064
pi-,69.0927
pi-,69.0927
pi-,69.0927
2mu-,85.4268
2mu-,85.4268
2mu-,85.4268
pi-,216.233
pi-,216.233
pi-,216.233
2pi-,214.756
2pi-,214.756
2pi-,214.756
pi-,112.176
pi-,112.176
pi-,112.176
2mu-,89.7712
2mu-,89.7712
2mu-,89.7712
pi+,895.533
pi+,895.533
2pi+,894.528
2pi+,894.528
pi-,922.615
pi-,922.615
2pi-,921.631
2pi-,921.631
pi+,672.106
pi+,672.106
2pi+,671.269
2pi+,671.269
pi+,360.082
pi+,360.082
2pi+,358.001
2pi+,358.001
pi-,383.869
pi-,383.869
2pi-,382.035
2pi-,382.035
pi-,288.814
pi-,288.814
pi-,288.814
2mu-,205.015
2mu-,205.015
2mu-,205.015
pi-,162.457
pi-,162.457
pi-,162.457
2pi-,159.408
2pi-,159.408
2pi-,159.408
pi-,426.118
pi-,426.118
2pi-,425.28
2pi-,425.28
pi+,580.848
pi+,580.848
2pi+,579.583
2pi+,579.583
pi-,359.016
pi-,359.016
2pi-,357.49
2pi-,357.49
pi+,264.769
pi+,264.769
2pi+,263.478
2pi+,263.478
pi-,360.803
pi-,360.803
pi-,360.803
2pi-,359.826
2pi-,359.826
2pi-,359.826
pi-,365.939
pi-,365.939
2mu-,349.552
2mu-,349.552
pi+,330.87
pi+,330.87
2pi+,329.802
2pi+,329.802
pi-,257.93
pi-,257.93
pi-,257.93
2pi-,256.791
2pi-,256.791
2pi-,256.791
pi+,86.1427
pi+,86.1427
pi+,86.1427
2pi+,84.5434
2pi+,84.5434
2pi+,84.5434
mu+,196.784
mu+,196.784
mu+,196.784
2mu+,195.646
2mu+,195.646
2mu+,195.646
pi-,1027.75
pi-,1027.75
2pi-,1026.11
2pi-,1026.11
pi-,389.935
pi-,389.935
2pi-,389.037
2pi-,389.037
pi-,467.916
pi-,467.916
2pi-,465.323
2pi-,465.323
pi+,283.15
pi+,283.15
2pi+,281.621
2pi+,281.621
pi+,705.342
pi+,705.342
2pi+,702.574
2pi+,702.574
pi-,115.988
pi-,115.988
pi-,115.988
2mu-,73.9712
2mu-,73.9712
2mu-,73.9712
pi+,378.214
pi+,378.214
2mu+,325.709
2mu+,325.709
pi-,390.003
pi-,390.003
2pi-,388.738
2pi-,388.738
pi-,1344.61
pi-,1344.61
2pi-,1342.6
2pi-,1342.6
pi+,430.831
pi+,430.831
2pi+,429.684
2pi+,429.684
pi+,251.864
pi+,251.864
pi+,251.864
2pi+,250.685
2pi+,250.685
2pi+,250.685
pi-,200.969
pi-,200.969
pi-,200.969
2pi-,199.894
2pi-,199.894
2pi-,199.894
pi+,481.394
pi+,481.394
2pi+,480.355
2pi+,480.355
pi-,522.794
pi-,522.794
2pi-,521.479
2pi-,521.479
pi-,331.869
pi-,331.869
2mu-,270.081
2mu-,270.081
2mu-,270.081
pi+,309.806
pi+,309.806
2pi+,308.542
2pi+,308.542
pi+,590.013
pi+,590.013
pi+,144.925
pi+,144.925
pi+,144.925
mu-,54.9974
mu-,54.9974
mu-,54.9974
2mu-,52.8621
2mu-,52.8621
2mu-,52.8621
pi+,393.51
pi+,393.51
2pi+,392.465
2pi+,392.465
pi+,203.737
pi+,203.737
pi+,203.737
2pi+,202.777
2pi+,202.777
2pi+,202.777
pi-,660.254
pi-,660.254
2pi-,659.082
2pi-,659.082
2pi-,77.5489
2pi-,77.5489
2pi-,77.5489
pi-,76.2386
pi-,76.2386
pi-,76.2386
2mu+,99.4981
2mu+,99.4981
2mu+,99.4981
mu+,95.8337
mu+,95.8337
mu+,95.8337
pi+,899.966
pi+,899.966
2pi+,898.497
2pi+,898.497
pi+,692.238
pi+,692.238
2mu+,523.15
2mu+,523.15
pi-,389.361
pi-,389.361
pi-,389.361
2mu-,384.616
2mu-,384.616
2mu-,384.616
pi-,112.477
pi-,112.477
pi-,112.477
2mu-,112.687
2mu-,112.687
2mu-,112.687
pi+,232.544
pi+,232.544
2pi+,231.192
2pi+,231.192
pi+,357.332
pi+,357.332
2pi+,354.389
2pi+,354.389
pi+,224.859
pi+,224.859
pi+,224.859
2pi+,223.827
2pi+,223.827
2pi+,223.827
pi+,818.9
pi+,818.9
2pi+,817.967
2pi+,817.967
pi-,255.554
pi-,255.554
pi-,255.554
2pi-,254.144
2pi-,254.144
pi+,666.549
pi+,666.549
2pi+,664.591
2pi+,664.591
mu+,130.654
mu+,130.654
mu+,130.654
2mu+,129.042
2mu+,129.042
2mu+,129.042
pi+,547.487
pi+,547.487
2mu+,448.704
2mu+,448.704
pi-,109.844
pi-,109.844
pi-,109.844
2pi-,108.409
2pi-,108.409
2pi-,108.409
pi+,549.922
pi+,549.922
2pi+,548.836
2pi+,548.836
pi-,263.136
pi-,263.136
pi-,263.136
2pi-,261.534
2pi-,261.534
2pi-,261.534
pi-,904.462
pi-,904.462
2pi-,903.541
2pi-,903.541
pi-,582.487
pi-,582.487
2pi-,581.372
2pi-,581.372
pi-,435.625
pi-,435.625
2pi-,434.59
2pi-,434.59
pi-,632.252
pi-,632.252
2pi-,630.986
2pi-,630.986
pi-,1163.93
pi-,1163.93
2pi-,1162.87
2pi-,1162.87
pi-,534.059
pi-,534.059
2pi-,533.01
2pi-,533.01
pi+,694.503
pi+,694.503
2pi+,693.269
2pi+,693.269
pi-,204.975
pi-,204.975
pi-,204.975
2pi-,203.464
2pi-,203.464
pi-,264.893
pi-,264.893
pi-,264.893
2pi-,263.962
2pi-,263.962
2pi-,263.962
pi-,761.483
pi-,761.483
2pi-,760.587
2pi-,760.587
pi-,89.2947
pi-,89.2947
pi-,89.2947
2pi-,87.1462
2pi-,87.1462
2pi-,87.1462
pi-,445.328
pi-,445.328
2pi-,434.865
2pi-,434.865
pi+,1318.36
pi+,1318.36
2pi+,1317.44
2pi+,1317.44
pi+,249.438
pi+,249.438
2pi+,248.095
2pi+,248.095
pi+,483.861
pi+,483.861
2pi+,482.648
2pi+,482.648
pi+,415.3
pi+,415.3
2pi+,414.029
2pi+,414.029
pi+,399.648
pi+,399.648
2pi+,398.173
2pi+,398.173
pi+,238.609
pi+,238.609
2mu+,214.603
2mu+,214.603
pi-,357.698
pi-,357.698
2pi-,356.762
2pi-,356.762
pi+,358.356
pi+,358.356
2pi+,356.678
2pi+,356.678
pi-,208.115
pi-,208.115
pi-,208.115
2mu-,114.953
2mu-,114.953
2mu-,114.953
pi+,475.208
pi+,475.208
2pi+,472.337
2pi+,472.337
pi-,348.363
pi-,348.363
2pi-,346.895
2pi-,346.895
pi+,353.896
pi+,353.896
2pi+,352.823
2pi+,352.823
pi-,1030.56
pi-,1030.56
2pi-,1029.47
2pi-,1029.47
pi+,265.296
pi+,265.296
pi+,265.296
2pi+,264.243
2pi+,264.243
2pi+,264.243
pi-,512.556
pi-,512.556
2pi-,511.658
2pi-,511.658
pi-,280.193
pi-,280.193
2mu-,227.053
2mu-,227.053
2mu-,227.053
pi+,318.548
pi+,318.548
pi+,318.548
2mu+,334.703
2mu+,334.703
2mu+,334.703
pi-,161.429
pi-,161.429
pi-,161.429
2pi-,160.49
2pi-,160.49
2pi-,160.49
pi-,321.711
pi-,321.711
2pi-,320.741
2pi-,320.741
pi-,275.086
pi-,275.086
2pi-,273.536
2pi-,273.536
pi-,263.82
pi-,263.82
2mu-,226.678
2mu-,226.678
2mu-,226.678
mu-,52.3289
mu-,52.3289
mu-,52.3289
2mu-,44.3635
2mu-,44.3635
2mu-,44.3635
pi+,136.767
pi+,136.767
pi+,136.767
2pi+,133.319
2pi+,133.319
2pi+,133.319
pi+,299.119
pi+,299.119
2mu+,317.403
2mu+,317.403
pi-,2418.28
pi-,2418.28
2pi-,2417.38
2pi-,2417.38
pi-,726.011
pi-,726.011
2pi-,724.799
2pi-,724.799
pi+,176.308
pi+,176.308
pi+,176.308
2mu+,145.354
2mu+,145.354
2mu+,145.354
pi-,1188.7
pi-,1188.7
2pi-,1187.62
2pi-,1187.62
pi-,876.905
pi-,876.905
2pi-,875.953
2pi-,875.953
pi-,527.463
pi-,527.463
2pi-,526.399
2pi-,526.399
pi+,179.246
pi+,179.246
pi+,179.246
2pi+,178.214
2pi+,178.214
2pi+,178.214
pi+,267.582
pi+,267.582
2pi+,266.456
2pi+,266.456
pi-,444.748
pi-,444.748
2pi-,442.944
2pi-,442.944
pi-,915.582
pi-,915.582
2pi-,914.153
2pi-,914.153
pi+,315.092
pi+,315.092
pi+,315.092
2pi+,297.699
2pi+,297.699
pi+,463.086
pi+,463.086
2pi+,461.919
2pi+,461.919
pi-,273.223
pi-,273.223
pi-,273.223
2pi-,272.371
2pi-,272.371
2pi-,272.371
pi-,286.952
pi-,286.952
2pi-,284.97
2pi-,284.97
pi+,329.819
pi+,329.819
pi+,329.819
2pi+,328.98
2pi+,328.98
2pi+,328.98
pi-,405.9
pi-,405.9
2pi-,400.498
2pi-,400.498
pi-,481.853
pi-,481.853
2mu-,437.511
2mu-,437.511
pi-,266.518
pi-,266.518
pi-,266.518
2mu-,181.35
2mu-,181.35
2mu-,181.35
pi-,225.672
pi-,225.672
pi-,225.672
2pi-,224.416
2pi-,224.416
2pi-,224.416
pi+,266.086
pi+,266.086
pi+,266.086
2pi+,265.052
2pi+,265.052
pi-,298.486
pi-,298.486
2pi-,296.358
2pi-,296.358
pi-,504.112
pi-,504.112
2pi-,501.264
2pi-,501.264
pi-,329.677
pi-,329.677
pi-,329.677
2pi-,328.857
2pi-,328.857
2pi-,328.857
2mu-,13.4957
2mu-,13.4957
2mu-,13.4957
pi-,411.161
pi-,411.161
2pi-,410.208
2pi-,410.208
pi+,734.835
pi+,734.835
2pi+,731.503
2pi+,731.503
pi-,331.048
pi-,331.048
pi-,331.048
2pi-,329.739
2pi-,329.739
2pi-,329.739
pi+,749.74
pi+,749.74
2pi+,748.712
2pi+,748.712
pi-,384.207
pi-,384.207
2pi-,382.426
2pi-,382.426
pi+,422.179
pi+,422.179
2pi+,420.671
2pi+,420.671
pi-,544.537
pi-,544.537
2pi-,543.488
2pi-,543.488
pi+,269.681
pi+,269.681
pi+,269.681
2pi+,268.743
2pi+,268.743
2pi+,268.743
pi-,268.051
pi-,268.051
2pi-,266.781
2pi-,266.781
pi+,270.753
pi+,270.753
pi+,270.753
2pi+,269.777
2pi+,269.777
pi+,256.718
pi+,256.718
2mu+,154.27
2mu+,154.27
2mu+,154.27
pi+,520.882
pi+,520.882
2pi+,519.807
2pi+,519.807
pi+,2503.28
pi+,2503.28
2pi+,2502.12
2pi+,2502.12
pi+,265.752
pi+,265.752
2mu+,273.697
2mu+,273.697
pi-,249.379
pi-,249.379
2mu-,249.601
2mu-,249.601
pi-,590.447
pi-,590.447
2pi-,589.334
2pi-,589.334
mu-,120.428
mu-,120.428
mu-,120.428
2mu-,107.729
2mu-,107.729
pi+,202.079
pi+,202.079
2pi+,200.373
2pi+,200.373
pi+,482.786
pi+,482.786
2pi+,478.715
2pi+,478.715
pi+,252.493
pi+,252.493
2pi+,250.106
2pi+,250.106
pi+,303.291
pi+,303.291
pi+,303.291
2pi+,302.393
2pi+,302.393
2pi+,302.393
pi+,288.196
pi+,288.196
2pi+,287.145
2pi+,287.145
pi-,72.7588
pi-,72.7588
pi-,72.7588
2pi-,66.7469
2pi-,66.7469
2pi-,66.7469
pi-,185.802
pi-,185.802
pi-,185.802
2mu-,163.737
2mu-,163.737
2mu-,163.737
pi+,137.232
pi+,137.232
pi+,137.232
2pi+,135.203
2pi+,135.203
2pi+,135.203
pi-,301.47
pi-,301.47
2pi-,300.378
2pi-,300.378
pi+,425.567
pi+,425.567
2pi+,423.956
2pi+,423.956
pi-,495.506
pi-,495.506
2pi-,493.303
2pi-,493.303
pi+,106.928
pi+,106.928
pi+,106.928
2mu+,66.3526
2mu+,66.3526
2mu+,66.3526
pi+,357.877
pi+,357.877
2mu+,284.276
2mu+,284.276
pi-,463.163
pi-,463.163
2pi-,461.815
2pi-,461.815
pi+,214.088
pi+,214.088
pi+,214.088
2mu+,173.663
2mu+,173.663
2mu+,173.663
mu-,18.8006
mu-,18.8006
mu-,18.8006
2mu-,15.0034
2mu-,15.0034
2mu-,15.0034
pi+,265.877
pi+,265.877
2pi+,264.783
2pi+,264.783
pi+,257.373
pi+,257.373
pi+,257.373
2pi+,256.355
2pi+,256.355
2pi+,256.355
pi+,47.7003
pi+,47.7003
pi+,47.7003
2pi+,45.0759
2pi+,45.0759
2pi+,45.0759
pi-,338.867
pi-,338.867
2pi-,337.383
2pi-,337.383
pi+,1213.34
pi+,1213.34
2pi+,1212.24
2pi+,1212.24
pi+,618.759
pi+,618.759
2pi+,617.167
2pi+,617.167
pi-,458.436
pi-,458.436
2pi-,457.063
2pi-,457.063
pi-,226.038
pi-,226.038
2pi-,224.679
2pi-,224.679
pi-,320.562
pi-,320.562
pi-,320.562
2pi-,319.607
2pi-,319.607
2pi-,319.607
pi+,208.64
pi+,208.64
2mu+,199.185
2mu+,199.185
pi-,390.223
pi-,390.223
2pi-,388.92
2pi-,388.92
pi+,987.604
pi+,987.604
2pi+,986.501
2pi+,986.501
pi+,234.512
pi+,234.512
2mu+,141.981
2mu+,141.981
2mu+,141.981
pi-,251.373
pi-,251.373
pi-,251.373
2pi-,250.269
2pi-,250.269
2pi-,250.269
mu-,201.134
mu-,201.134
mu-,201.134
2mu-,199.692
2mu-,199.692
2mu-,199.692
pi+,89.6948
pi+,89.6948
pi+,89.6948
2mu+,85.3974
2mu+,85.3974
2mu+,85.3974
pi+,1192.31
pi+,1192.31
2pi+,1190.13
2pi+,1190.13
pi+,905.62
pi+,905.62
2pi+,904.425
2pi+,904.425
pi+,318.126
pi+,318.126
pi+,318.126
2mu+,284.537
2mu+,284.537
2mu+,284.537
pi-,254.919
pi-,254.919
2pi-,253.103
2pi-,253.103
pi+,272.952
pi+,272.952
2pi+,271.602
2pi+,271.602
pi+,183.328
pi+,183.328
2mu+,132.416
2mu+,132.416
2mu+,132.416
pi-,138.282
pi-,138.282
pi-,138.282
2pi-,133.853
2pi-,133.853
2pi-,133.853
pi+,467.699
pi+,467.699
2pi+,466.693
2pi+,466.693
pi+,451.86
pi+,451.86
2pi+,450.731
2pi+,450.731
pi+,591.294
pi+,591.294
2pi+,589.008
2pi+,589.008
pi+,156.052
pi+,156.052
pi+,156.052
2pi+,154.863
2pi+,154.863
2pi+,154.863
pi+,226.906
pi+,226.906
pi+,226.906
2pi+,225.428
2pi+,225.428
2pi+,225.428
pi+,1125.35
pi+,1125.35
2mu+,817.983
2mu+,817.983
pi-,208.877
pi-,208.877
2pi-,207.135
2pi-,207.135
pi+,159.365
pi+,159.365
pi+,159.365
2pi+,157.558
2pi+,157.558
2pi+,157.558
pi-,587.352
pi-,587.352
2pi-,586.347
2pi-,586.347
pi+,220.19
pi+,220.19
pi+,220.19
2mu+,114.882
2mu+,114.882
2mu+,114.882
pi-,386.795
pi-,386.795
pi-,386.795
2pi-,385.73
2pi-,385.73
2pi-,385.73
pi-,737.851
pi-,737.851
2mu-,699.575
2mu-,699.575
pi+,1425.23
pi+,1425.23
2mu+,883.226
2mu+,883.226
pi-,262.959
pi-,262.959
2mu-,173.031
2mu-,173.031
2mu-,173.031
pi-,234.072
pi-,234.072
pi-,234.072
2pi-,232.954
2pi-,232.954
2pi-,232.954
pi-,256.985
pi-,256.985
2pi-,255.638
2pi-,255.638
pi+,222.672
pi+,222.672
pi+,222.672
2pi+,221.116
2pi+,221.116
2pi+,221.116
pi-,281.186
pi-,281.186
2pi-,280.059
2pi-,280.059
pi-,305.306
pi-,305.306
2pi-,304.146
2pi-,304.146
pi-,617.89
pi-,617.89
2pi-,616.836
2pi-,616.836
pi-,317.021
pi-,317.021
2pi-,315.671
2pi-,315.671
pi+,359.525
pi+,359.525
2mu+,345.423
2mu+,345.423
2mu+,345.423
pi-,1174.72
pi-,1174.72
2mu-,1033.13
2mu-,1033.13
pi-,407.479
pi-,407.479
2pi-,406.486
2pi-,406.486
pi-,236.432
pi-,236.432
pi-,236.432
2mu-,118.02
2mu-,118.02
2mu-,118.02
2pi+,83.9078
2pi+,83.9078
2pi+,83.9078
2mu-,34.3288
2mu-,34.3288
2mu-,34.3288
2mu+,22.8812
2mu+,22.8812
2mu+,22.8812
pi+,897.113
pi+,897.113
2pi+,896.275
2pi+,896.275
pi-,254.471
pi-,254.471
pi-,254.471
2pi-,253.339
2pi-,253.339
2pi-,253.339
pi-,509.094
pi-,509.094
2pi-,508.118
2pi-,508.118
pi-,190.786
pi-,190.786
pi-,190.786
2mu-,136.868
2mu-,136.868
2mu-,136.868
pi+,487.047
pi+,487.047
2pi+,485.092
2pi+,485.092
